Publisher Name,BGG Link,Website,Email,Description
@games online,https://boardgamegeek.com/boardgamepublisher/6116/at-games-online,http://atgamesonline.com,,"@games online is a DTP publisher dedicated to making fun, easy-to-learn and easy-to-play games. Current developments include the ACTION FRONT series and Devereaux County."
# Hashtag 64,https://boardgamegeek.com/boardgamepublisher/57829/hashtag-64,https://www.h64games.com/,,"Hashtag 64 is an independent publishing house and development studio for board games, books, and other entertainment media. Beginning its activities in 2024, Hashtag 64 takes the concepts, theories, and philosophy of CEO and Founder Gabriele Areolite and transmutes them into tangible products designed to educate and entertain. Prior to 2024, the founder dedicated most of his time and efforts to his main company ARDEVUR Commodities, a multinational mining enterprise specialising in the global import/export of metal and mineral commodities. Drawing on the CEO‚Äôs decade long experience in the mining industry, Hashtag 64‚Äôs inaugural project ‚Äì ARDEVUR: The Game of Resources, aims to simulate the realistic dynamics of the mining industry and supply chain, while introducing what's beneath the surface: a fight for Total Control. In addition to bringing educational to the board game scene, Hashtag 64 is working on the launch an entire franchise of games and books that delve into hot topics such as the implication of technological advancement on our world, and the future of humanity. With a clear and structured roadmap of future releases, Hashtag 64 is ready to entertain you for the years to come! The Hashtag 64 Team"
0 hr art & technology,https://boardgamegeek.com/boardgamepublisher/11073/0-hr-art-and-technology,http://0-hr.com/,0-hr@mail.com,"From the website: Welcome to 0 hr art & technology - digital art, graphic design, and development by Ryan Wolfe. Below you can find information about, and examples of, deluxe starship deckplans and fantasy cartography created as part of Ki Ryn Studios and the fleet being built under the new name. All of these are top-quality products designed to enhance your table-top games and help bring your adventures to life."
029 Products,https://boardgamegeek.com/boardgamepublisher/50604/029-products,https://029products-contrast.studio.site/,,Japanese board game publisher located in the Kansai region of Japan. (User Summary)
1 More Time Games,https://boardgamegeek.com/boardgamepublisher/43879/1-more-time-games,http://www.1moretimegames.com/,,"1 More Time Games is a board game publisher based in Vienna, Austria. After twenty years of friendship and playing together as well as several years of working in the board game industry, we (Julian Steindorfer and Roman Rybiczka) decided to take the leap of faith and create our own publishing company. ‚Äîdescription from the publisher"
1-2-3-Games √âditions,https://boardgamegeek.com/boardgamepublisher/5055/1-2-3-games-editions,http://www.1-2-3-games.com/,,"from the website Who Are We ? The 1-2-3-games team is made up of 5 people: ‚Ä¢ Patrick Laterrot, creation of all the concept, ‚Ä¢ Christian Moura, designer which designed all the charter produced, packaging and graphic design of CirKle, ‚Ä¢ Liliane Beurton, president of the Company 1-2-3-Games Editions, The Boss... ‚Ä¢ Emmanuel Laterrot, inventory control and logistic follow-up,"
"1% Inspiration Games, Inc.",https://boardgamegeek.com/boardgamepublisher/4658/1-percent-inspiration-games-inc,http://web.archive.org/web/20150208203017/flyingbuffalo.com/news.htm,,"1% Inspiration Games Inc. owner Paul Weintraub can be reached at chiswitorg@gmail.com . The company published four Lost Worlds game books around 2004: BITRA the Man-Spider with sword and crossbow GUNSLINGER with whip and pistol MUTANT HILL GIANT with two clubs and three arms DRIATAUR (minotaur) with battle axe A news update from Flying Buffalo Games in Dec 2014 said, ""A small game company called 'One Per Cent Inspiration Games' published four Lost Worlds books under license. I have been selling those books from my webpage, but I recently sold the last of them, and tried to order more. The fellow who published them wrote back and told me that all remaining copies have 'been recycled'. Sadly, he was not selling enough of them to keep them in print."""
10 Traders,https://boardgamegeek.com/boardgamepublisher/51819/10-traders,https://10traders.de/,info@10traders.de,"Der Verlag 10 Traders wurde 2021 von zehn Spieleladenbesitzern aus ganz Deutschland gegr√ºndet. Sie alle haben seit mindestens 15 Jahren Erfahrungen in der Branche gesammelt. Ihre L√§den sind ganz unterschiedlich ausgerichtet, eine essentielle Gemeinsamkeit ist aber die Leidenschaft f√ºr Spiele. The publishing house ""10 Traders"" was founded in 2021 by ten game store owners from all over Germany. They all have at least 15 years of experience in the industry. Their stores have very different focuses, but one essential thing they have in common is their passion for games. Microbadge"
10-Productions,https://boardgamegeek.com/boardgamepublisher/30026/10-productions,http://www.10-productions.nl/,,Developer and Publisher of all kind of board and card games.
10-Shiki Gameworks,https://boardgamegeek.com/boardgamepublisher/27388/10-shiki-gameworks,http://www.10shikigameworks.sakura.ne.jp/,,10-Shiki Gameworks is a small game fan circle in Japan.
11 bit studios,https://boardgamegeek.com/boardgamepublisher/16688/11-bit-studios,http://www.11bitstudios.com/,"info@11bitstudios.com, signal@11bitstudios.com","We are 11 bit studios - a game development company based in Warsaw, Poland, Europe, Planet Earth. Before founding the company, core crew members had been working in the industry since the early 90s. Over the last 15 years, we‚Äôve brought on the market more than 20 games, including such titles as : Starmageddon (Project Earth, US version), Infernal, Gorky 17 (US title: Odium), Knight Rider 2 and many others. Guided by an experienced management, our goal is to create exciting games for all kind of gamers - hardcore players as well as those who play on occasion - and to make the games easily available through digital distribution. The head concept behind the development is to devise unique and pioneering gameplay ideas, implement and deliver them to all main gaming platforms: consoles, computers and handhelds. While our daily job is to develop games, playing them after hours is our hobby. That's why we know exactly what players need. Based in Warsaw, Poland. Source: The Developer Website."
11231 Games,https://boardgamegeek.com/boardgamepublisher/41806/11231-games,https://www.facebook.com/11231Games/,,"11231 Games exists primarily to publish and promote the work of journalist, author and game designer Dan Ackerman, long-time CNET editor, CBS News contributor, and author of the 2016 non-fiction game history book, The Tetris Effect. Its first board game project is Techlandia, a dungeon crawl satire set in the world of high-tech startups."
Les 12 Singes,https://boardgamegeek.com/boardgamepublisher/19309/les-12-singes,http://www.les12singes.com/,vpc@les12singes.com,"Small french publisher, property of ReSpell SARL. Edited four roleplaying games (all in French) to this date, namely: Mississipi - Tales of a Spooky South Mahamoth Bureau des affaires indiennes Khaos 1795"
12spiel,https://boardgamegeek.com/boardgamepublisher/7007/12spiel,https://web.archive.org/web/20080617104147/http://www.12spiel.de/,,This page does not exist. You can edit this page to create it.
14games,https://boardgamegeek.com/boardgamepublisher/57400/14games,https://14games.base.shop/,,"14games is a board game manufacturer based in Japan. We specialize in creating board games that prioritize the joy and challenge of gameplay, delivering experiences that resonate with their themes. In 2023, we launched the production of Snow Planner on Kickstarter and received widespread support. It was particularly well-received in Japan and was nominated for the Japanese Golden Box Award. In 2024, we plan to start the production of an expansion, also through Kickstarter."
15mm.co.uk,https://boardgamegeek.com/boardgamepublisher/17012/15mmcouk,http://www.15mm.co.uk/,,15mm.co.uk is a company which is owned by Alector Limited which makes a range of 15mm miniatures and rules.
1745 Trading Company,https://boardgamegeek.com/boardgamepublisher/3349/1745-trading-company,http://www.scottishquest.com/,,This page does not exist. You can edit this page to create it.
17gonplay,https://boardgamegeek.com/boardgamepublisher/30753/17gonplay,http://www.17gonplay.com/,,„Äê‰∏ÄËµ∑Âá∫‰æÜÁé© ËÆìÂè∞ÁÅ£Êõ¥Â•ΩÁé©„Äë Â§ßÂÆ∂Â•ΩÔºåÊàëÊòØ‰∏ÄËµ∑Âá∫‰æÜÁé©ËÇ°‰ªΩÊúâÈôêÂÖ¨Âè∏ÂâµËæ¶‰∫∫ÊùéÊØîÁàæÔºå ÊàëÂíåÊàëÁöÑÂ§•‰º¥ÈÄ£Á±≥Á≤íÔºåÂú®2014Âπ¥‰πùÊúàÊàêÁ´ã‰∫Ü‰∏ÄËµ∑Âá∫‰æÜÁé©ÈÄôÈñìÂÖ¨Âè∏„ÄÇ ÊàëÂÄëÁõ∏‰ø°ÂàÜ‰∫´Á∂ìÊøü„ÄÅ‰∫∫Ëàá‰∫∫‰∫íÁõ∏Âπ´Âä©„ÄÅÊØè‰∏ÄÂÄã‰∫∫ÁöÑËá™ÊàëÂØ¶ÁèæÊúÉÊòØÊú™‰æÜÊúÄÈáçË¶ÅÁöÑÁ∂ìÊøüÊΩÆÊµÅÔºå ÊàëÂÄë‰πüÁõ∏‰ø°ÊâìÁ†¥ÈöéÁ¥ö„ÄÅË≥áË®ä„ÄÅË≥áÊú¨‰∏çÂ∞çÁ®±Áî¢ÁîüÁöÑÁ®ÆÁ®ÆÂ£üÊñ∑Ëàá‰∏çÂÖ¨Âπ≥„ÄÅÂπ´Âä©Á§æÊúÉÁöÑÂº±Âã¢ÊóèÁæ§ËàáÊÉ≥ÂâµÊ•≠ÁöÑÂπ¥Ëºï‰∫∫ÂØ¶ÁèæÂ§¢ÊÉ≥Ôºå ÊúÉËÆìÂè∞ÁÅ£Êõ¥ÁæéÂ•ΩÔºå‰πüÊúÉËÆìÊàëÂÄëÁöÑ‰∫∫ÁîüÊõ¥ÊúâÊÑèÁæ©„ÄÇ ÊâÄ‰ª•ÊàëÂÄëÊàêÁ´ã‰∏ÄËµ∑Âá∫‰æÜÁé©ÔºåÂ∞±ÊòØÂ∏åÊúõÂ§ßÂÆ∂‰∏ÄËµ∑ÂâµÊñ∞ÂâµÊ•≠Ôºå ËÆìÊàëÂÄëÁöÑÁ§æÊúÉÊõ¥Ê∫´ÊöñÔºåÊú™‰æÜ‰πüËÉΩËÆìÂÖ®‰∏ñÁïåÁöÑ‰∫∫Ëµ∞ÈÄ≤Âè∞ÁÅ£Ôºå È†òÁï•ÈÄôÁâáÂúüÂú∞‰∏äÁöÑ‰∫∫ÊÉÖËàáÁæéÂ•Ω„ÄÇ ÊàëÂÄë‰∏çÊòØ‰∏ÄÈñìappÂÖ¨Âè∏ÔºåÊàëÂÄëÊòØÂ∏åÊúõÂïüÂãï‰∏ÄÂÄãÔºå ËàáÂ§ßÂÆ∂‰∏ÄËµ∑ÔºåËÆìÂè∞ÁÅ£Êõ¥Â•ΩÁöÑË®àÁï´„ÄÇ Ê≠£Âõ†Â¶ÇÊ≠§ÔºåÊâÄ‰ª•ÊàëÂÄëË®≠Ë®àÁöÑÊúçÂãôÊ∞∏ÈÅ†ÈÉΩÊòØÂÖçË≤ªÁöÑ„ÄÇ Áõ∏‰ø°ÊØèÂÄã‰∫∫ÈÉΩÂèØ‰ª•ÔºåÂÆöÁæ©Ëá™Â∑±„ÄÇ „ÄêÊàëÂÄëÁöÑËøΩÊ±Ç„Äë ÊàëÂÄë‰ª•ÂâµÈÄ†Á§æÊúÉÊúÄÂ§ßÂÉπÂÄºÁÇ∫ÁõÆÁöÑ„ÄÇ ÂàÜ‰∫´Á∂ìÊøü„ÄÅÂâµÊñ∞ÂâµÊ•≠ÔºåÊòØÊàëÂÄëËøΩÊ±ÇÁöÑÂÉπÂÄº„ÄÇ ÊàëÂÄëÊàêÁ´ãÁöÑÁõÆÁöÑÊòØÊâìÁ†¥Ë≥áÊú¨„ÄÅË≥áË®ä„ÄÅÊäÄË°ì„ÄÅÈöéÁ¥ö‰∏çÂ∞çÁ®±ÊâÄÈÄ†ÊàêÁöÑÂâùÂâäËàá‰∏çÂπ≥Á≠âÔºå ÊàëÂÄëÂ∏åÊúõËàáÂ§ßÂÆ∂‰∏ÄËµ∑Âá∫‰æÜÔºåËÆìÂè∞ÁÅ£Êõ¥Â•ΩÁé©! ÊàëÂÄëÁõ∏‰ø°Ôºå‰∫∫Ê¥ªÂú®‰∏ñ‰∏äÔºå ÊúâÊØîÁç≤Âà©„ÄÅËøΩÊ±ÇÂêçÂô®Êõ¥È´òÁöÑÊÑèÁæ©„ÄÇ ÊàëÂÄëËá™Â∑±ÂÆöÁæ©Ëá™Â∑±ÔºåÂ∞±ÊòØÁÇ∫‰∫ÜÊúçÂãôÂà•‰∫∫ËÄåÂ≠òÂú®„ÄÇ „ÄêÊàëÂÄëÊÉ≥„Äë ËÆìÂè∞ÁÅ£ÊàêÁÇ∫‰∏ÄÂÄãÊ∫´Êöñ„ÄÅËá™Áî±„ÄÅÂèØ‰ª•ÂÆâÂÖ®ÂÜíÈö™ÁöÑÂ§©Â†Ç„ÄÇ ËÆìÂπ¥Ëºï‰∫∫ÈÄèÈÅéÁ∂≤Ë∑ØÂâµÊ•≠ÔºåËÆìÂ∞èÂïÜÂÆ∂ÈÄèÈÅéÁ∂≤Ë∑ØÈñãÁôºÂ∏ÇÂ†¥„ÄÇ ‰∏çÂÜçÊúâ Â≠§ÂñÆÔºåÂÜ∑Êº†ÔºåÈÇÄË´ãÂÖ®‰∏ñÁïåÁöÑÊóÖ‰∫∫‰∏ÄËµ∑‰æÜÈ´îÈ©óÂè∞ÁÅ£ÁöÑÁæéÂ•ΩËàá‰∫∫ÊÉÖÂë≥Ôºå Â∞çÂÖ®‰∏ñÁïåÂ±ïÁèæÂè∞ÁÅ£ÊúÄÁæéÂ•ΩÁöÑÊñáÂåñËàáÈ†òÂÖàÂÖ®ÁêÉÁöÑË°åÂãïÊúçÂãôÈ´îÈ©ó„ÄÇ „ÄêÊàëÂÄëÁöÑÁêÜÂøµ„Äë ‰∫∫Ëàá‰∫∫‰πãÈñìÈÉΩÊòØÂπ≥Á≠âËÄåÊ≤íÊúâÂàÜÂà•„ÄÇ ÊúâËÉΩÂäõÁöÑ‰∫∫Âπ´Âä©È°òÊÑèÂèóÂπ´Âä©ÁöÑ‰∫∫ÔºåÂ∑≤Á∂ìÊàêÂäüÁöÑ‰∫∫Âπ´Âä©Êú™‰æÜÊúÉÊàêÂäüÁöÑ‰∫∫„ÄÇ ÊàëÂÄëÂ∏åÊúõÂª∫ÊßãÊúÄÂ•ΩÁöÑÊ¥ªÂãïÂπ≥Âè∞ÔºåËÆì‰∫∫Ëàá‰∫∫ÁöÑÈóú‰øÇÊõ¥ÂèãÂñÑËÄåÊ∫´ÊöñÔºå ËÆìÂÖ®‰∏ñÁïåÁöÑ‰∫∫Ëµ∞ÂÖ•Âè∞ÁÅ£Ôºå‰∏ÄËµ∑È´îÊúÉÈÄôÁâáÂúüÂú∞ÁöÑÁÜ±ÊÉÖËàáÁæéÂ•Ω„ÄÇ „ÄêÁèæÂú®ÔºåÊàëÂÄëË¶ÅËàá‰Ω†‰∏ÄËµ∑„Äë ÂØ¶ÁèæÊØèÂÄã‰∫∫ÁÑ°ÈôêÁöÑÂèØËÉΩÔºå ‰ª•ÂèäÂ∞çÊñºÂè∞ÁÅ£ÈÄôÂ°äÂúüÂú∞ÁöÑÁÜ±ÊÉÖËàáÊâøË´æ ‰∏ÄËµ∑Âá∫‰æÜÁé©!
17wanzy (Yihu BG),https://boardgamegeek.com/boardgamepublisher/39755/17wanzy-yihu-bg,http://www.yihubg.com,,"‚Äú17wanzy‚Äù started as a Chinese board game media company in 2016. we started by making board game instruction and gameplay videos. Gradually we have become one of the largest Chinese board game media brand. In 2017, we decided to get into board game publishing as we want to bring more excellent board games to China. We maintains the highest quality of localization works to ensure our Chinese gamers have the best experience. Currently we have dozens of games in our localization pipeline. Expect to land Chinese market at the end of 2018."
1A Games,https://boardgamegeek.com/boardgamepublisher/24820/1a-games,http://1agames.com/,,"1A Games was established in order to carry on the Tide of Iron board game series originally created by Fantasy Flight Games. 1A planned to develop a series of railroad games (hence the military and railroad motifs in the 1A logo). In addition, 1A acquired the rights to Lombardy Studios and planned to publish a series of history books under that imprint that will complement and support the game lines. 1A Games closed in 2016. As of September 2024, a Tide of Iron fan site is still active on Facebook. Microbadges 1A Games fan"
1A Spiele GmbH,https://boardgamegeek.com/boardgamepublisher/5265/1a-spiele-gmbh,http://www.1a-spiele.de,,This page does not exist. You can edit this page to create it.
1YOO!,https://boardgamegeek.com/boardgamepublisher/23551/1yoo,http://www.1yoocc.com,,1YOO! is a board game company which established in 2011 in Shanghai. The main idea of the company is to publish funny and easy games for people.
2 Creativos,https://boardgamegeek.com/boardgamepublisher/23694/2-creativos,http://doscreativosjm.com.ar/,,Production of Argentina games. Formed in 2012
2 Ton Porcupine,https://boardgamegeek.com/boardgamepublisher/37196/2-ton-porcupine,http://2tonporcupine.com,,Three brilliant designers have come together to form 2 Ton Porcupine. We are a board game design and publishing house. We have braved the unknown terrors of self-publishing and were changed by the cosmic waves of fate into something more than merely human! We are now 2 Ton Porcupine!
20-Grit Games,https://boardgamegeek.com/boardgamepublisher/5618/20-grit-games,http://www.jimcorn.com/gpage3.html	,,Jim Corn Games is the new name for 20-Grit Games. See http://www.jimcorn.com/gpage3.html.
20th Century Fox,https://boardgamegeek.com/boardgamepublisher/8570/20th-century-fox,http://www.foxinternational.com/,,This page does not exist. You can edit this page to create it.
2151 Games,https://boardgamegeek.com/boardgamepublisher/44063/2151-games,https://www.2151games.com/,info@2151games.com,"An independent game designer and publisher base out of Brooklyn, NY. Our motto is ‚ÄúMake Game Night Every Night.‚Äù With the ever-increasing number of screens, people just don‚Äôt have time to spend with one another. We believe that a weekly game night with family and friends is a great way to make the time to be with other people."
25th Century Games,https://boardgamegeek.com/boardgamepublisher/28620/25th-century-games,http://25thcenturygames.com,,"25th Century Games is a tabletop publishing studio located in Atlanta, GA. We make out of this world games that bring people together."
2am Gameworks,https://boardgamegeek.com/boardgamepublisher/55966/2am-gameworks,https://www.2am.com.au/,"info@2am.com.au, info@2am.com.auwe",Publisher of Unfair Expansion: Fairytale Legendary Steampunk Underground.
2C Comics,https://boardgamegeek.com/boardgamepublisher/40802/2c-comics,https://www.facebook.com/2ccomics,,"2C Comics is a new small games and comics publisher started by Dan Hopkins with the design of his flagship card game ""Capes & Chaos""."
2D10,https://boardgamegeek.com/boardgamepublisher/35120/2d10,http://www.2d10juegos.com/,"atira@2d10juegos.com, tira@2d10juegos.com",2D10 is a spanish personal brand from the game designer C√©sar G√≥mez Bernardino. The first title published by 2D10 is 'Walking on the Moon'
2D6 Wargaming,https://boardgamegeek.com/boardgamepublisher/44885/2d6-wargaming,https://www.2d6wargaming.com/,wargaming2d6wargaming.com@gmail.com,2D6 Wargaming: Creating high quality 285 scale pewter miniatures and the rules to use them. - Publisher blurb
2D6.EE (Side Quest Games),https://boardgamegeek.com/boardgamepublisher/14529/2d6ee-side-quest-games,http://www.2d6.ee/,,2D6 is a small Estonian board game publisher.
2F-Spiele,https://boardgamegeek.com/boardgamepublisher/58/2f-spiele,http://www.2f-spiele.de,,"2F-Spiele was created by Friedemann Friese to publish his own designs. Originally called Spiel-Bau-Stelle at the beginning of Friedemann's company back in 1992, he noticed that there was another company in Germany already using that name, so he changed to 2F-Spiele in 1994 (with Falsche Fuffziger). 2F-Spiele Friedemann Friese Fedelh√∂ren 64 28203 Bremen Tel +49 (0) 421 2414902 Fax +49 (0) 421 2414903 Microbadge"
2Fat2Fly,https://boardgamegeek.com/boardgamepublisher/37864/2fat2fly,https://www.facebook.com/2fat2flygames/,,Board game publisher. Kickstarter Scammer - Created a campaign for Trouble in Templetown and Dining with Dracula and never delivered any of the projects. Just ghosted all of their backers on two separate occasions.
"2K Games, Inc.",https://boardgamegeek.com/boardgamepublisher/6108/2k-games-inc,http://www.2kgames.com/,,"2K Games, Inc. (marketed as 2K) is an American developer, marketer, distributor and publisher of video games founded on January 25, 2005. 2K Games is a publishing division of Take-Two Interactive. The name ""2K Games"" comes from Visual Concepts' sports game lineup, typically referred to as the 2K series. Subsidiaries: 2K Czech - Founded 2008 2K Marin - Founded 2007 2K Play - Founded 2007 2K Sports - Founded 2005 Visual Concepts Entertainment - Founded 1988 Visual Concepts China Visual Concepts Korea 2K Vegas - Founded 2013 Cat Daddy Games - Founded 1996 Firaxis Games - Founded 1996 Hangar 13 - Founded 2014 Irrational Games - Founded 1997 Defunct Subsidiaries: 2K Australia - Founded 2000/Defunct 2015 2K China - Founded 2006/Defunct 2015 2K Shanghai - Founded 2006/Defunct 2015 Frog City Software - Founded 1995/Defunct 2006 Indie Built - Founded 2004/Defunct 2006 Kush Games - Founded 2005/Defunct 2008 PAM Development - Founded 1995/Defunct 2008 PopTop Software - Founded 1993/Defunct 2006 Venom Games - Founded 2003/Defunct 2008"
"2Play Games, LLC",https://boardgamegeek.com/boardgamepublisher/58895/2play-games-llc,http://2playgames.com,,"2Play Games creates games for underrepresented groups, like the blind. They are a small company in Iowa."
2Tomatoes Games,https://boardgamegeek.com/boardgamepublisher/30571/2tomatoes-games,http://www.2tomatoesgames.com/,,"We're an indie games company based in Barcelona, and we publish both for board and mobile support. We aim to produce the type of games that we love to play; that is, games that have the following characteristics: -> easy-to-learn yet deep mechanics, -> fast set-up time (no unnecessary components!), and -> striking artwork For more info, please visit: https://2tomatoesgames.com Microbadge: 2Tomatoes fan"
3 Emme Games,https://boardgamegeek.com/boardgamepublisher/42092/3-emme-games,https://www.3emmegames.com/,,"3 Emme Games is a tabletop game publisher. Our dream is to engage anyone through our games, the families but also the experienced board gamers. With enthusiasm and passion, we work hand in hand with artists and designers to offer incredibles but streamlined gaming experiences."
3 Inch High Games,https://boardgamegeek.com/boardgamepublisher/44609/3-inch-high-games,http://www.3-inch.com,,Publisher of board games to create laughter or deep thought
3 Man Chess,https://boardgamegeek.com/boardgamepublisher/6399/3-man-chess,http://www.3manchess.com/,king@3manchess.com,This page does not exist. You can edit this page to create it.
Les 3 Zouaves,https://boardgamegeek.com/boardgamepublisher/59140/les-3-zouaves,https://www.les3zouaves.com/,,"Publisher of historical games. Many battles, of course, but not only that. The editorial line aims to create, develop, and publish games with a strong historical identity. With simple yet not simplistic rules and a playtime of around 2 hours, the experience is guaranteed to be thrilling! √âditeur de jeux historiques. Beaucoup de batailles bien s√ªr mais pas seulement. La ligne √©ditoriale a pour objectif de cr√©er, d√©velopper et de publier des jeux ayant une forte identit√© historique. Avec des r√®gles simples mais non simplistes et une dur√©e de jeu d'environ 2 heures, les √©motions sont au rendez-vous !"
3-Hirn-Verlag,https://boardgamegeek.com/boardgamepublisher/4244/3-hirn-verlag,http://www.3-hirn-verlag.de/games.html,,"3-Hirn-Verlag As you can see from my website, I only accept orders within Germany. When you are from abroad and interested in games from 3-Hirn-Verlag, you may send me an Email with your wishes. One possible way of transfer will be during the fair in Essen. In 2007 3-Hirn-Verlag will not have an own box in Essen, but I will be there at least on Thursday and Friday (18th and 19th of October, 2007). Best wishes, Ingo Althofer"
317 Games,https://boardgamegeek.com/boardgamepublisher/49758/317-games,https://www.317films.com/,,317 Films and 317 Games is an Indianapolis-based film/game production startup launched in 2014 by a small group of movie buffs and storytellers.
39game (39Ëä∏Â§¢),https://boardgamegeek.com/boardgamepublisher/37640/39game-39yun-meng,http://dicekingchess.doorblog.jp/,,"User summary 39Ëä∏Â§¢ (39game) is a Japanese doujin publisher for the game designer Masoccer („Éû„Çµ„ÉÉ„Ç´„Éº). In Japanese, 39Ëä∏Â§¢ sounds like saying 'Thank You Game', which is how the designer intended."
3D Fantasy,https://boardgamegeek.com/boardgamepublisher/44887/3d-fantasy,https://www.facebook.com/3DFan,,Game publisher based in Argentina.
3DARTLAB,https://boardgamegeek.com/boardgamepublisher/45976/3dartlab,http://www.3dartlab.de/,,"3DARTLAB develop and produce game accessoires and games of various kinds. Its based near Munich in Bavaria, Germany."
3DTotal Games,https://boardgamegeek.com/boardgamepublisher/23299/3dtotal-games,http://www.3dtotalgames.com/,,"Launched in 2010, 3DTotal Publishing is an independent publishing house specializing in books in the digital art industry. Catering to both newcomers and veterans alike, titles from 3DTotal Publishing cover a variety of topics and software packages. They are designed to educate and inspire, offering a mixture of technical teachings and beautiful images, and feature some of the most prestigious digital artists working in the industry today."
3evan,https://boardgamegeek.com/boardgamepublisher/7226/3evan,http://www.3evan.it,,This page does not exist. You can edit this page to create it.
3M,https://boardgamegeek.com/boardgamepublisher/92/3m,http://www.gamepile.com/items.php?id=2,,BGG Wiki Pages for 3M Game Lines 3M Bookshelf Games 3M Gamette series 3M Paper Games 3M Sports Games Microbadge - 3M Bookshelf Games fan
"3mg, Inc.",https://boardgamegeek.com/boardgamepublisher/4185/3mg-inc,http://www.3mginc.com/products/games/,,This page does not exist. You can edit this page to create it.
42 Games,https://boardgamegeek.com/boardgamepublisher/15436/42-games,http://www.fortytwogames.com/,,"An Independent game design and manufacturer. Family owned and operated. We have Many games in development. We are released Orbit: Rocket Race 5000 2011. Which then had the ""artist"" for teh game copyright the art and then had his lawyer send letters to our distributors saying we could no longer sell the game that was already made! Now we have Kickstarted Spell Chess: An expansion to chess. It funded in about 24 hours! Watch us grow!"
42 Games Project,https://boardgamegeek.com/boardgamepublisher/54380/42-games-project,https://www.42games.it/index-EN.html,,"42Games is a creative collective using game design and interactive experiences as a form of expression. Our name stands for our project: to create 42 board games ‚Äî as the surreal and comforting answer that Douglas Adams identifies to the Ultimate Question of Life, the Universe, and Everything . While ‚Äú42‚Äù is an inscrutable answer, our project to make 42 games will allow us to explore new territories, new creative fields, and new forms of interaction ‚Äî both on the tabletop and digitally."
4A Games Limited,https://boardgamegeek.com/boardgamepublisher/8787/4a-games-limited,http://www.4a-games.com/,contact@4a-games.com.mt,"The company was founded in Kyiv, Ukraine, in 2006 by three developers who departed from GSC Game World. In 2014, 4A Games moved its headquarters to Sliema, wherein the Kyiv office was retained as a sub-studio. On 12 May 2014, amidst the Ukrainian crisis and following the annexation of Crimea by the Russian Federation, 4A Games announced that they were to expand by opening a new studio in and moving their headquarters to Sliema, Malta to allow for easier operations inside the European Union, with the Kyiv studio continuing to operate for Eastern European operations. In August 2020, the company was acquired by Saber Interactive under the Embracer Group for approximately US$36 million."
4Dados,https://boardgamegeek.com/boardgamepublisher/33298/4dados,http://www.4dados.es,"4dados@4dados.es, info@midominio.com","A boardgames Publisher located in Barcelona, Spain, always finding new and awesome games and new projects. From players to players, that's our philosophy"
4fps,https://boardgamegeek.com/boardgamepublisher/60944/4fps,https://www.fourfps.com/,,Publisher of Vier.
4Fun  Game World B.V.,https://boardgamegeek.com/boardgamepublisher/58063/4fun-game-world-bv,https://www.4fungameworld.com/,info@4fungameworld.com,"4Fun Game World is the culmination of our shared love for aviation and tabletop games. As a family-owned and operated company, we, Lourens and Tetiana Dinger, have combined our diverse skills and passions to create a unique gaming experience. Lourens, with a background in information management, brings a wealth of creative ideas and strategic thinking to our first and future games. Tetiana's artistic talent and attention to detail breathe life into our first design. Our journey began with Lourens's dream of crafting aviation-themed board games that would capture the excitement of flight and bring people together. Every game we are planning to create will reflect our dedication to quality, creativity, and a deep love for the world of aviation."
4GAMES,https://boardgamegeek.com/boardgamepublisher/54051/4games,https://4games.shop/,info@4ies.ru,"4GAMES is a board games publisher founded in 2023 A small team of like-minded people in love with board games! We are focused primarily on family and children's games, but we do not disregard games for an adult audience. Since September 23, 2024, the name and logo of 4GAMES are temporarily not used by the publisher due to legal conflicts."
4J Enterprises,https://boardgamegeek.com/boardgamepublisher/6172/4j-enterprises,http://www.scumthegame.com,,This page does not exist. You can edit this page to create it.
4Kids Entertainment,https://boardgamegeek.com/boardgamepublisher/6647/4kids-entertainment,http://www.4kidsentertainment.com/,,Defunct 2017
J. H. R. Dixon,https://boardgamegeek.com/boardgamepublisher/58370/j-h-r-dixon,,,British publisher from Lancester
"The ""Gold Letter"" Co.",https://boardgamegeek.com/boardgamepublisher/59036/the-gold-letter-co,,,"A rather obscure publisher of games in the late 1950s from Philadelphia, USA"
‚ÄúGioco Tarocchi Siciliani-Michael Dummett‚Äù Cultural Association,https://boardgamegeek.com/boardgamepublisher/58071/gioco-tarocchi-siciliani-michael-dummett-cultural,,,"The association ""Gioco Tarocchi Siciliani-Michael Dummett"" is non-profit by configuring itself for its activities as a non-commercial (non-profit) body, and intends to carry out activities of social utility. The association was created to pursue the purpose to safeguard the ancient game of the Sicilian Tarot as an ""intelligent"" card game like the Bridge with affirmed strangeness from any divinatory or gambling practice, and promote its conservation through research, study, knowledge and dissemination, together with the enhancement of Sicilian history and culture and the territories in which it manifests itself. From the official site of the publisher."
(Looking for a publisher),https://boardgamegeek.com/boardgamepublisher/772/looking-for-a-publisher,,,"A placeholder publisher that is intended for games that have not yet been published, and for which it is not clear who will publish it. Games may end up linked to this placeholder when a designer adds an entry for a completed design for which they have not yet found a publisher, or when a publisher has been found, but the designer does not yet want to disclose that information. Another scenario in which a game can get linked to this placeholder is when a publisher was found, but that publisher later decides not to publish the game."
(Self-Developed Video Game),https://boardgamegeek.com/boardgamepublisher/14029/self-developed-video-game,,,User Summary This entry is for Video Games developed by an individual person rather than a publisher.
(Self-Published),https://boardgamegeek.com/boardgamepublisher/4/self-published,,,"This is a generic company entry intended for all self-published board games, video games and pen-n-paper RPGS. A self-published work is produced independently, without the involvement of an established publisher and at one's own expense. This puts the author in full control of the entire process, including design, price, distribution, marketing, and public relations. The author may do all the work themselves or outsource some of the work to companies which offer these services. If the designer of a self-published game has a publishing brand, then a publisher listing should be created for that brand, with that brand then being added to the BGG game listing and the ""self-published"" tag being removed."
(Unknown),https://boardgamegeek.com/boardgamepublisher/3320/unknown,,,"ESTREMO / Strasbourg, France This publishing house produced cardboard products and games and was officially registered in 1927. The publishing house's owner was Armand Moser. It was first mentioned in the address book in 1929. Its headquarters were at 11 Rue des Balayeurs (Feggasse 11) in Strasbourg. In the address books of 1930 and 1931, the publishing house was listed at 11 Rue de Lucerne (Luzerner Strasse 11). The publishing house appears for the last time in the 1934 address book. After that, it disappeared."
Ôº†BUDAcafe („Ç¢„ÉÉ„Éà„Éñ„ÉÄ„Ç´„Éï„Çß),https://boardgamegeek.com/boardgamepublisher/44495/budacafe-atsutobudakahue,,,Publisher of the game ARISAKI DANCE et Ballet.
@GorillaPressComics,https://boardgamegeek.com/boardgamepublisher/51414/at-gorillapresscomics,,,Publisher of Gamot.
@liehs Communications,https://boardgamegeek.com/boardgamepublisher/25582/at-liehs-communications,,,"The game of Authenticity was created to provide people that are dating, engaged or newly married the opportunity to learn more about their mate in a fun, interactive yet informative format. To achieve the full benefits of the game you and your partner must be completely Authentic. To be authentic is to truly be yourself, be proud of your past and your future. The focus is not winning or losing but learning and connecting so that you can determine if there is a love connection or if counseling is in your near future. You can lose this game if you and/or your mate are not authentic in answering the questions. I hope that you find this game helpful in finding that person with which you truly connect. This is the first game I have ever made."
@rchival storage,https://boardgamegeek.com/boardgamepublisher/53278/at-rchival-storage,,,Publisher of „Ç™„Ç¢„Ç∑„Çπ„ÅÆÊóÖ‰∫∫.
+d,https://boardgamegeek.com/boardgamepublisher/56031/plus-d,,,Publisher of Nego.
1 Armadillo,https://boardgamegeek.com/boardgamepublisher/57250/1-armadillo,,,"1 Armadillo: Hardcore Games 1 Armadillo was born within Grupo Editorial MasQueOca as a studio for the edition of its own games focused on the most demanding community of gamers. Hard games for players who love challenges. We abide by the highest quality standards, both from the development and production point of view. In our catalog you will find new authors but also veterans of recognized prestige, and all our games are published in both Spanish and English. Find us in http://1armadillo.com/"
The 1 Game,https://boardgamegeek.com/boardgamepublisher/4004/the-1-game,,,This page does not exist. You can edit this page to create it.
1 Stein Spiele,https://boardgamegeek.com/boardgamepublisher/12483/1-stein-spiele,,,Published Fussball in 1986. The owner was Karl-Hans Richter. The last-known address was: Holstenkamp 42 22525 Hamburg Germany
1+1 Studios,https://boardgamegeek.com/boardgamepublisher/60248/1-plus-1-studios,,,"Rizal and Kashif are childhood friends who grew up playing games together while eating pizza. They used to go to each other‚Äôs house to play games like Crash Bandicoot, Dynasty Warriors, Star Wars Battlefront, and Metal Slug ‚Äì where splitscreen couch gaming became such an important part of their friendship! Games were such an integral part of their lives and through the years since their childhood, their friendship and bond through gaming remains as strong as ever. With gaming becoming more and more prominent in our everyday lives, they naturally wanted to share the joy and fun of gaming with their friends, families, and significant others. However, they noticed that it‚Äôs not that easy to game with someone who doesn‚Äôt know the first thing about gaming. Seeing this, they decided that rather than wait for someone to make games that can be played by both experienced gamers and newcomers, they would do it themselves instead! From official website"
10:10 Climate Action,https://boardgamegeek.com/boardgamepublisher/43351/1010-climate-action,,,"10:10 is a charity that enables people to take practical action on climate change, and combines these local actions to inspire a more ambitious approach to the issue at every level of society. Founded in 2009, 10:10 began by campaigning for a 10% reduction in carbon emissions in 2010, and has since broadened its approach to include a range of projects focused on carbon reduction and renewable energy. In 2019 10:10 published the card game Carbon City Zero."
The 100 Games,https://boardgamegeek.com/boardgamepublisher/9435/the-100-games,,,"The publisher of the game ""The 100 Games""/""Cento""."
"100 Plus Products, Inc.",https://boardgamegeek.com/boardgamepublisher/4253/100-plus-products-inc,,,"Published one eponymous game. The last known address in 1977 was: PO Box 2195, Des Plaines, IL 60018"
100% Soft,https://boardgamegeek.com/boardgamepublisher/51541/100-percent-soft,,,"Truck Torrence makes kawaii pop art trash under the name 100% Soft, most popularly known for the best-selling Dumpster Fire vinyl figure, winner of the Designer Toy Awards Toy of the Year 2020. His signature style is a perfect combination of cute and dark gallows humor. 100% Soft has also collaborated with numerous brands and studios such as Marvel, Lucasfilm, Disney, Sony, and Universal."
101 Games Brasil,https://boardgamegeek.com/boardgamepublisher/51692/101-games-brasil,,,Publisher of For the Quest.
11:44 Games,https://boardgamegeek.com/boardgamepublisher/59599/1144-games,,,Publisher of the campaign adventure game All's Well That Ends
"110 Points, LLC",https://boardgamegeek.com/boardgamepublisher/55392/110-points-llc,,,Publisher of Last Year of Carbon.
1195958 Ontario Inc.,https://boardgamegeek.com/boardgamepublisher/57160/1195958-ontario-inc,,,"64 Forester Street, Unit #23, St. Catherines, Ontario L2N 6T5."
12BC Limited,https://boardgamegeek.com/boardgamepublisher/57142/12bc-limited,,,A UK-based publisher of books and boardgames.
12G Games,https://boardgamegeek.com/boardgamepublisher/48845/12g-games,,,"12G Games is the publishing brand used by game designer Christopher M. Carter. Based in Chardon, OH, 12G Games published its first game, Close Call, in 2021. 12G Games was named in honor of Christopher‚Äôs two children. His son, Christopher Jr., wore the number 12 in all of his athletic endeavors, most notably baseball. The G represents gymnastics, the sport of choice for his daughter, Julia. The maple leaf on the logo represents Chardon, Christopher‚Äôs home town for more than 20 years, which is well known for maple trees and gourmet maple syrups. It is green because that is Christopher‚Äôs favorite color. The snowman meeple calls attention to the fact that Chardon is in the heart of Northeast Ohio‚Äôs snow belt. Source: Interview with the publisher"
12SP Entertainment,https://boardgamegeek.com/boardgamepublisher/26175/12sp-entertainment,,,"12SP Entertainment is a new game design and publishing venture between Jeff Wilcox (Phantasy Realm) and Anthony J. Gallela (Dwarven Dig!, Tales of the Arabian Nights)."
13 akasha ediciones,https://boardgamegeek.com/boardgamepublisher/50777/13-akasha-ediciones,,,Publisher of Likes.
1300 Games,https://boardgamegeek.com/boardgamepublisher/9982/1300-games,,,"Not much is known about this company. The only known reference is a on a game called ""Ya Wanna Bet?"" The rules include the company's name and a mailing address used in 1979 when the game was published. 1300 Games 3520 W 58th Place Chicago, IL 60629"
134V,https://boardgamegeek.com/boardgamepublisher/40284/134v,,,User summary 134V' is a small group that acts as the publishing outlet for game designs by Jinwu Umemoto (Ê¢ÖÊú¨„ÉÅ„É≥„Ç¶„Éº).
137023 Canada Inc.,https://boardgamegeek.com/boardgamepublisher/60115/137023-canada-inc,,,Publisher of Nuts: The Health Game (1985)
13Rentgen,https://boardgamegeek.com/boardgamepublisher/23380/13rentgen,,,The Russian company active in 2002-2004. Known to launch a skirmish wargame called Diktator Control:
#14 Productions,https://boardgamegeek.com/boardgamepublisher/3283/14-productions,,,This page does not exist. You can edit this page to create it.
153 Baord Game,https://boardgamegeek.com/boardgamepublisher/57224/153-baord-game,,,"153 Board Games originated in 2016 from China. We are board game designers from China, specializing in creating strategy games and party games. We aim to bring joy to our friends around us and hope to provide everyone with a wider variety of board games to play. The board games we have launched include: Harvest TownÔºà‰∏∞Êî∂Â∞èÈïáÔºâ --Harvest Town: Travel and EncounterÔºà‰∏∞Êî∂Â∞èÈïáÔºöÊóÖË°å‰∏éÈÇÇÈÄÖÔºâ Haelo: Heros wana keep that Halo(Âãá‰∏ç‰º†ÔºöÂãáËÄÖÊãøÂà∞ÂÖâÁéØ‰∏ç‰ºöÂæÄ‰∏ã‰∏ÄÊâã‰º†) Hacker Girl: Infinite Loop of Fate(È™áÂÆ¢Â∞ëÂ•≥ÔºöÊó†ÈôêÊ¥óËÑëÂæ™ÁéØÁöÑÂëΩËøê) The board games currently in development include: Harvest Business(‰∏∞Êî∂ÁªèÂïÜ‰º†) King of Procrastination(ÊãñÂª∂‰πãÁéã) Fairy Tale Real Estate Tycoon(Á´•ËØùÊàø‰∫ßÂ§ß‰∫®)"
1602 √©ditions,https://boardgamegeek.com/boardgamepublisher/7599/1602-editions,,,This page does not exist. You can edit this page to create it.
168 books,https://boardgamegeek.com/boardgamepublisher/43177/168-books,,,"ÂπºÁ¶èÊñáÂåñ is a Taiwan based publisher of educational books and other products. Their CHAMPION series is a tin-cased titles including Â∞èÈ≠öÁà≠10 (Add Fish Up to 10), Êï∏Êï∏Â∞èË≤ì (Count Cats), ËôéÂè£Êê∂10 (JAWS of 10), and ‰Ω†Âä†ÊàëÊ∏õ (Plus or Minus), targeting ages of 4 and above."
186 Media,https://boardgamegeek.com/boardgamepublisher/51425/186-media,,,Publisher of 9 Years to Yesterday.
18Wood,https://boardgamegeek.com/boardgamepublisher/53640/18wood,,,Publisher of 18RoyalGorge.
1979games,https://boardgamegeek.com/boardgamepublisher/31836/1979games,,,Boardgame design & publishing in korea Since 2015.
1985 Games,https://boardgamegeek.com/boardgamepublisher/51318/1985-games,,,"From the web site: Located in Portland, Oregon, 1985 Games was started by a group of players looking for a better way to game in real-time, without having to break the action to draw every tree on the map."
1994 Memory Builders,https://boardgamegeek.com/boardgamepublisher/25142/1994-memory-builders,,,A small publishing company that was located in Barbados. There is no information on them on the Web. They do not have a website and are likely out of business.
"19th Century Miniatures, Inc.",https://boardgamegeek.com/boardgamepublisher/23163/19th-century-miniatures-inc,,,"From my copy of ""This Hallowed Ground,"" copyright 1986 and printed in the United States. At this time, the writers could be reached at 13595 Green Street; Grand Haven, MI 49417"
1AM Studios,https://boardgamegeek.com/boardgamepublisher/41547/1am-studios,,,"1AM Studios is a game development company, set on making creative, original and memorable game experiences. We intend to create unforgettable worlds for gamers to explore and shape on their epic quest for adventure!"
1CONZEPT,https://boardgamegeek.com/boardgamepublisher/33105/1conzept,,,Danish design company. Has published a few games which has won their share of the Danish Game of the Year awards.
1First Games,https://boardgamegeek.com/boardgamepublisher/46668/1first-games,,,"1First Games is the gaming division and sister company to 1FirstComics, the iconic award-winning independent comic company co-founded by its Publisher, Ken F. Levin when the only comics companies were Marvel and DC. Ken also runs 1First Entertainment, which has set up comic properties in film and television like PREACHER, THE SCRIBBLER, and the current smash hit THE BOYS on Amazon Prime."
1HUNDRED GAMES,https://boardgamegeek.com/boardgamepublisher/60798/1hundred-games,,,"We‚Äôre four friends on a mission to make board games that break the mold, make people smile, and remind us why gaming matters. Our crew: ‚ú® Ammon ‚Äì a veteran designer and artist who knows how to turn clever ideas into unforgettable tabletop moments. üì¶ Matt ‚Äì the publishing pro who‚Äôs shipped more games than most people have played. üöÄ Scott ‚Äì the marketing wild card, breaking rules (in a good way) and cooking up strategies the board game world has never seen. üß™ Topher ‚Äì the designer and developer behind our first release, chasing that spark where fun, tension, and connection collide."
1nite werewolf,https://boardgamegeek.com/boardgamepublisher/25635/1nite-werewolf,,,A Japanese independent publisher of Akihisa Okui.
1Play,https://boardgamegeek.com/boardgamepublisher/47557/1play,,,"From the publishers website (http://1play.dk/en/welcome/): At 1Play, we specialize in developing fun games, meant to be played by the whole family. Our philosophy is; It should be fast and easy, to get the fun started! That is why our games will not take a lot more than two minutes to understand. We have a big selection of different games, everything in the range from Ludo Quiz and Who Finds It First?, to more classic games like Yatzy. We take pride in the art of special developed games. By doing so, we are sure to stand out in the market. One thing that we do not compromise, is the entertaining and surprising elements in our games! 1Play is a part of 1Conzept, where we cooperate with retail businesses and develop several products for their stores. If you are interested in these products, head over to http://1conzept.dk in order to see our current selection. If you are intrigued and want to know how we can help your retail, feel free to contact us. We look forward to getting to know you. Our games are developed with the Scandinavian market in mind, but we are open to expanding our horizon and help your stores in other markets. If you are in need of a localized quiz game, then feel free to get in touch with us. We are sure that we can create the perfect game together."
1st Hudson Corporation,https://boardgamegeek.com/boardgamepublisher/7236/1st-hudson-corporation,,,This page does not exist. You can edit this page to create it.
1UP,https://boardgamegeek.com/boardgamepublisher/50583/1up,,,1UP is a Japanese doujin game publisher. user summary
1X1 Spiele,https://boardgamegeek.com/boardgamepublisher/427/1x1-spiele,,,German publisher based in Weyhe/Leeste.
1x5 Games,https://boardgamegeek.com/boardgamepublisher/41333/1x5-games,,,"1x5 Games is dedicated to bringing unique games to the family gaming table. Formed at a beer festival while waiting in line for another pint in 2017, Heath Flor pitched the idea to Matt Rowntree, and the dynamic drunken duo formed like Voltron...minus 3 lions. Heath had perfect timing; after the second pint Matt will agree to anything. Both of them are LEGO enthusiasts with a desire to expand their artistic pursuits, and give other artists opportunities that may not have existed before. The team is currently developing card games, board games, and dice games. They reside in Prescott, AZ."
2 Brothers Gaming,https://boardgamegeek.com/boardgamepublisher/33216/2-brothers-gaming,,,"2 Brothers Gaming is a board game design company started by the brothers, Joe and Matt Noffsinger. Growing up, board and card games have always been a big part of any family gathering in the Noffsinger household. Through the years we have played all kinds of different games and learned the strategies and mechanics that make games fun. With all the years of playing games, we have finally decided to start creating our own games and use our knowledge of what makes them fun for everyone. Our premiere game is Burgers & Beasts, which is a family game that is easy to play, yet difficult to master, in that it differs every time you play it. From there, we plan to release 1-2 games a year (depending on complexity) of varying difficulty levels, from beginner to expert."
2 Handsome Games,https://boardgamegeek.com/boardgamepublisher/32291/2-handsome-games,,,Extremely handsome tabletop games made by slightly above average individuals.
2 Lost Turtles,https://boardgamegeek.com/boardgamepublisher/60700/2-lost-turtles,,,"We are a small company handling games we design, create, and publish."
2 On the Nose,https://boardgamegeek.com/boardgamepublisher/43291/2-on-the-nose,,,"2 On the Nose is an alternative media company that values work that promote strong reflexive identity, diversity, and community collaboration. Their current works consistent of comedy videos and The Everyone Shares One Butt Game tabletop game."
2 Pionki,https://boardgamegeek.com/boardgamepublisher/40920/2-pionki,,,"2 pionki publishing house was created with passion to the board games and card games and from a need to share the knowledge with the others. In search of games, we visit various corners around the world. The games we publish are the ones we found during our travels. Every one of them is well-tried and thought-out. We are sure, they will give to players a lot of fun and involve them in our hobby. (publisher blurb)"
2:35,https://boardgamegeek.com/boardgamepublisher/53770/235,,,Publisher of Hope: Chronicles of Osmae.
2000 AD Comic,https://boardgamegeek.com/boardgamepublisher/17804/2000-ad-comic,,,Published a game for their readers
2020 Associates,https://boardgamegeek.com/boardgamepublisher/2655/2020-associates,,,This page does not exist. You can edit this page to create it.
20th Century All American Enterprises,https://boardgamegeek.com/boardgamepublisher/6802/20th-century-all-american-enterprises,,,This page does not exist. You can edit this page to create it.
23 zero,https://boardgamegeek.com/boardgamepublisher/58897/23-zero,,,French publisher of party games.
23rd Chamber,https://boardgamegeek.com/boardgamepublisher/48511/23rd-chamber,,,"23rd Chamber √ºbersetzt f√ºr Sie Regelb√ºcher, Spielanleitungen und Spielsysteme in die deutsche Sprache. Ausgangssprache: ‚ÄûEnglish‚Äú. Zudem entwickelt 23rd Chamber eigene Regelsysteme f√ºr Tabletop- und Miniaturenspiele."
2525Games,https://boardgamegeek.com/boardgamepublisher/59528/2525games,,,2525Games is a Japanese publishing circle.
26 Group,https://boardgamegeek.com/boardgamepublisher/37672/26-group,,,"We are a team of 14 college students from Southern Illinois University Edwardsville (SIUE). For our Organizational Communication Theories and Applications class, our main assignment is to use crowdfunding to fund a project that we are passionate and excited about."
263 Games,https://boardgamegeek.com/boardgamepublisher/53081/263-games,,,Publisher of Noueni.
285 Games,https://boardgamegeek.com/boardgamepublisher/47903/285-games,,,"285 Games is a small independent publisher of board- and card-games. The focus is on light to medium family-games with a creative and unique twist in the game mechanics. Great emphasis is also placed on artwork and a thematic game experience. The first of 285 Games published games is Bewere, but more are already planned."
2D Design Games,https://boardgamegeek.com/boardgamepublisher/58274/2d-design-games,,,"2D Design Games is an ƒ∞stanbul based board game publisher, focused on both local and international market. 2D Design aims to bring spotlight on to Turkish board games and bring them in front of a larger audience, while helping broaden the Turkish board games market."
2evolved,https://boardgamegeek.com/boardgamepublisher/9005/2evolved,,,This page does not exist. You can edit this page to create it.
2Geeks,https://boardgamegeek.com/boardgamepublisher/23313/2geeks,,,"2Geeks - a Brettspieleverlag in the north of Berlin. We are big board game fans and find that there can never be enough good games. That's why we bring out the best board games for independent authors. Our games are ""The Pirates of the Seven Worlds"", ""In the Shadow of the Throne"", ""The Very Best Treehouse"". 2Geeks was founded in 2014 by Denys Lonshakov. Denys is also an author of the Brettspiele Viy and Ruthenia. Ruthenia was published in 2010 itself. admin comment no to be confused with 2GeeksGaming Microbadge: - 2Geeks fan Based in Berlin, Germany."
2GeeksGaming,https://boardgamegeek.com/boardgamepublisher/29428/2geeksgaming,,,Started in 2015 First release of Paws - Devious Dogs versus Crafty Cats in 2015 admin comment not to be confused with 2Geeks
2M Giochi,https://boardgamegeek.com/boardgamepublisher/11959/2m-giochi,,,Game publisher
2mt Games,https://boardgamegeek.com/boardgamepublisher/29407/2mt-games,,,"Founded in 2004 by Oliver Schneider, 2mt Games has its focus on board game development as well as publishing. Their first parlor game ""Ninja Arena"" released in 2015 sets the company standard for high quality, plastic free, strategic games. The young team of game enthusiasts separated from the main company ""2mt Software Solutions"" which still supports the small team with software development and the website. (Source: pers. interview) Microbadge: - 2mt Games fan"
2niverse Games,https://boardgamegeek.com/boardgamepublisher/40251/2niverse-games,,,"2niverse Games is dedicated to designing innovative and engaging games that are easy to learn, thrilling to play, and made with the highest quality materials. We believe that games should not only be fun to play but also beautiful to look at and interact with. Our flagship brand, Tiny Ninjas, will offer a collection of games that are playable right inside of the box making them perfect for travel. Small footprint, easy to learn, with very little downtime. At home or on-the-go. Play anywhere. Play everywhere!"
2Plus Games (ÁÅ£Âä†ÈÅäÊà≤),https://boardgamegeek.com/boardgamepublisher/55297/2plus-games-wan-jia-you-xi,,,"As the oldest board game publisher in Taiwan, over the past fifty years, Monopoly has become a shared gaming memory for countless people in Taiwan, accompanying their children as they grow up, generation after generation. In order to respond to the challenges of the new era, the 2Plus board game brand was established in 2008 to serve Taiwanese designers and publish various original works. It also represents world-class game works to Taiwan and continues to cultivate Taiwan's soft power with unplugged board game culture. Bring joy to every home."
2PO Games,https://boardgamegeek.com/boardgamepublisher/53049/2po-games,,,"2PO Games is a brand used by indie designer Pawel Owsianka, based in Melbourne, Australia. Publisher."
2RS Games,https://boardgamegeek.com/boardgamepublisher/4897/2rs-games,,,This page does not exist. You can edit this page to create it.
"2simpletons, LLC",https://boardgamegeek.com/boardgamepublisher/53736/2simpletons-llc,,,"2simpletons is an independent tabletop game development company. Our mission is to create board, card and dice games that are fun and challenging for casual and experienced gamers alike. 2simpletons is Frank Lontz and James Gatzmer. Frank and James met in high school where they shared their passion for comic books, movies, tabletop games and other pop-culture. They've finally put their heads together to make games! ‚Äîdescription from the publisher"
Les 3 coqs S.A.S,https://boardgamegeek.com/boardgamepublisher/46869/les-3-coqs-sas,,,Game publisher
3 de vuit,https://boardgamegeek.com/boardgamepublisher/8036/3-de-vuit,,,"El 3 de vuit Weekly newspaper of the region of Pened√®s, Catalonia. Edited by the company Publicacions Pened√®s SA from Vilafranca del Pened√®s."
3 Dice Board Games,https://boardgamegeek.com/boardgamepublisher/57726/3-dice-board-games,,,"My name is Davie and I am the owner of 3 Dice Board Games which is a company that I have created over the last 10 years or so. I have designed, developed and currently having my sports themed board games published and sold through The Game Crafter company. I would like to produce a publisher account on BGG to help me connect with other people who are already involved with the board gaming community. Many thanks Davie."
3 Eight Interactive,https://boardgamegeek.com/boardgamepublisher/46730/3-eight-interactive,,,"From https://3eightinteractive.com/about/ 3eight Interactive was founded to serve as a platform to empower teenagers and young adults in our social welfare system through engagement in the creation of highly polished, digital games. Our mission is to facilitate the tenable changes required to allow at-risk teenagers and young adults to break the cycle of social welfare dependence. The ultimate success of 3eight Interactive will not only be measured by the success of our games, but also by the number of youths that pursue a post-secondary education, and enter the creative industry."
3 Gear Games,https://boardgamegeek.com/boardgamepublisher/36239/3-gear-games,,,Publisher for game designs by Stewart Sinex.
3 Headed Giant Games,https://boardgamegeek.com/boardgamepublisher/32839/3-headed-giant-games,,,"3 Headed Giant Games is a brand in the Quirky Engine Entertainment family. Our game developers focus on high concept strategy games that can easily be learned and played by veteran and novice gamers alike. We focus on character-rich games with stunning artwork and unsurpassed quality. 3 Headed Giant Games have a sense of humor. Our play testers understand that we expect players to laugh out loud at both the twists in gameplay and the character-based artwork on the cards, board, and other pieces. We believe that, whether you are fighting aliens, wielding a sword, casting spells, or joining a rock band, you should do it with a smile. 3 Headed Giant Games produces character-driven, light strategy games with a sense of humor, the ultimate escapes for players of any level of sophistication. Based in Kaysville, Utah."
3 History Geeks,https://boardgamegeek.com/boardgamepublisher/17841/3-history-geeks,,,website : http://www.3historygeeks.com/aboutus.html
3 Little Words,https://boardgamegeek.com/boardgamepublisher/17959/3-little-words,,,website : http://www.3littlewords.com/
3 Monkeys and 15 Minutes Games,https://boardgamegeek.com/boardgamepublisher/9455/3-monkeys-and-15-minutes-games,,,"If a thousand monkeys had a thousand typewriters and an infinite amount of time, they'd eventually create the works of Shakespeare... Well, what can you get for 3 monkeys and 15 minutes? 3 Monkeys and 15 Minutes Games is a new company from Columbus, OH founded by Ed Cogbill and Ryan Andrews. 3 Monkeys will be publishing Outsourcing: The Card Game in Fall of 2009, their debut."
Die 3 Spielmacher,https://boardgamegeek.com/boardgamepublisher/51565/die-3-spielmacher,,,publisher from Star game memo
3 Star Entertainment,https://boardgamegeek.com/boardgamepublisher/2338/3-star-entertainment,,,This page does not exist. You can edit this page to create it.
3 Wizards of the Moustache,https://boardgamegeek.com/boardgamepublisher/41331/3-wizards-of-the-moustache,,,Board game developer and publisher from El Paso TX
3-headed dog,https://boardgamegeek.com/boardgamepublisher/40153/3-headed-dog,,,"3-headed dog UG (haftungsbeschr√§nkt) is a micro publisher from Schleswig-Holstein in Germany. It was founded by Christian (and his dog) to publish board games for players who love rapid and conflict oriented strategy and/or tactical games. The first game WARIGIN is a PVP oriented boardgame for 2-3 tacticians with a focus on 2 versus 1 faction wars. www.3-headed-dog.com // www.warigin.com --- 3-headed dog UG (haftungsbeschr√§nkt) ist ein Mikroverlag aus Schleswig-Holstein in Deutschland. Er wurde von Christian (und seinem Hund) gegr√ºndet, um Strategiespiele f√ºr Spieler zu ver√∂ffentlichen, die schnelle und konfliktorientierte Strategie- und/oder Taktikspiele lieben. Das erste Spiel WARIGIN ist ein PVP-orientiertes Brettspiel f√ºr 2-3 Taktiker mit einem Fokus auf 2v1-Fraktionskriegen. www.3-headed-dog.com // www.warigin.com"
30A Games,https://boardgamegeek.com/boardgamepublisher/26809/30a-games,,,US Company
30mm Midwestern Napoleonic Wargamers Confederation,https://boardgamegeek.com/boardgamepublisher/7282/30mm-midwestern-napoleonic-wargamers-confederation,,,This page does not exist. You can edit this page to create it.
31539 (Saikosaku) (31539 („Çµ„Ç§„Ç≥„Çµ„ÇØ)),https://boardgamegeek.com/boardgamepublisher/55203/31539-saikosaku-31539-saikosaku,,,31539 („Çµ„Ç§„Ç≥„Çµ„ÇØ) (31539 (Saikosaku)) is a Japanese game publisher. ‚Äîuser summary
323 Studio,https://boardgamegeek.com/boardgamepublisher/2782/323-studio,,,This page does not exist. You can edit this page to create it.
37„Éû„Éº„Ç±„ÉÉ„Éà (37Market),https://boardgamegeek.com/boardgamepublisher/58802/37maketsuto-37market,,,Publisher of trading card game Summon & Magic.
38 Studios,https://boardgamegeek.com/boardgamepublisher/47266/38-studios,,,"38 Studios, LLC, formerly Green Monster Games, LLC, was an American entertainment and IP development company founded in 2006 by Major League Baseball pitcher Curt Schilling and named for his jersey number. Originally based in Massachusetts, the company moved to Rhode Island as part of securing a $75 million loan guarantee from that state's quasi-public Economic Development Corporation (EDC). In February 2012, the company released its only title, Kingdoms of Amalur: Reckoning, a single-player action role-playing video game for several platforms. The game received positive reviews and sold an estimated 330,000 copies in its first month, rising to 1.2m copies in the first 90 days. 38 Studios shut down a few months later. The failure of the controversial Rhode Island loan spurred investigations by the news media and the government."
3am Games,https://boardgamegeek.com/boardgamepublisher/3876/3am-games,,,Microbadge Buy It
3bros,https://boardgamegeek.com/boardgamepublisher/23356/3bros,,,"John, Tim and Peter Duerksen created this entity to self-publish board games. To date, they have published a tongue-in-cheek racing game based on the videogame kart racing concept caled Mad Dash. Currently in the works is a non-collectible card game of corporate infighting called Takeover."
3C Boardgames,https://boardgamegeek.com/boardgamepublisher/41906/3c-boardgames,,,"3C Boardgames is a group of people working on many different projects but this time united by the same passion for games.We strive to, above all, give maximum added value to our community and create unique games that we would love to play ourselves. From competitive wargames and very tactical card games to cooperative survival and educational games. We are primarily a group of friends who decided to channel their creativity into games and music. Group of friends surrounded by even larger circle of friends and amazing board game community playtesting our games and sharing their creative spark with us through that. Website: http://www.3boardgames.com/multiverse/index.php"
3D-GamePrints,https://boardgamegeek.com/boardgamepublisher/48952/3d-gameprints,,,3D printed accessories for board games
3D6 Games,https://boardgamegeek.com/boardgamepublisher/30242/3d6-games,,,"This company is based in Luray, VA USA and is a subsidiary of Future Bright, Inc. The company designs table top games primarily based on the use of three 6-sided dice. It is new as of 2015."
3d6 Gaming,https://boardgamegeek.com/boardgamepublisher/61137/3d6-gaming,,,"3d6 Gaming is a publisher dedicated to the sports tabletop gaming community. We offer 3d printed scoreboards and accessories, and we publish Fast Drive Football and Fast Inning Baseball."
3D6 SRL,https://boardgamegeek.com/boardgamepublisher/4287/3d6-srl,,,This page does not exist. You can edit this page to create it.
3DBoardGameCentral,https://boardgamegeek.com/boardgamepublisher/50070/3dboardgamecentral,,,3DBoardGameCentral owned by Renard Richie
3dlightgames,https://boardgamegeek.com/boardgamepublisher/60890/3dlightgames,,,indieboardgame editor
3DUs Studio,https://boardgamegeek.com/boardgamepublisher/57226/3dus-studio,,,"We are a Brazilian game development studio, founded by us, the three Eduardos: Edu Guerra, Edu Pomper, and Edu Reis. Together, we run the 3DUs Channel, a board game channel that has been active since 2018. Driven by our passion for creating games, we decided to join forces and establish our own board game development studio. Our focus is on creating original games, conceived and developed by us, the Edus."
3ENTS,https://boardgamegeek.com/boardgamepublisher/25727/3ents,,,Board Game publisher.
"3G Games, LLC",https://boardgamegeek.com/boardgamepublisher/54567/3g-games-llc,,,"3G Games,LLC was created in 2022 when they began development of Monsters Outnumbered. 3G Games,LLC is a family company."
3iD,https://boardgamegeek.com/boardgamepublisher/15607/3id,,,game publisher
3J Games,https://boardgamegeek.com/boardgamepublisher/3331/3j-games,,,This page does not exist. You can edit this page to create it.
3JM-√âdition,https://boardgamegeek.com/boardgamepublisher/12862/3jm-edition,,,"From the 3JM-√âdition website: ¬´ La soci√©t√© 3JM-Edition est n√©e au fur et √† mesure de rencontres entre amis qui se sont associ√©s pour encourager et soutenir un projet. En fait, au d√©part, il s‚Äôagit pour Jean-Jacques DERGHAZARIAN et Michel PINON de faire d√©couvrir leur derni√®re cr√©ation commune : ¬´ LE MOT LE PLUS COURT ¬ª ; √ßa commence par la pr√©sentation d‚Äôune maquette du jeu √† l‚Äôoccasion du festival ¬´ AVALANCHE DE JEUX ¬ª √† Val d‚ÄôIs√®re au mois de Juillet 2009, festival pour cr√©ateurs de jeux et pendant lequel le jeu se r√¥de aupr√®s d‚Äôun public enthousiaste. Ainsi l‚Äôid√©e de r√©aliser une auto√©dition fait son chemin avec la volont√© que ce jeu de lettres puisse √™tre accessible √† un large public, allant des plus jeunes aux plus √¢g√©s. Les amis se lancent alors dans l‚Äôaventure pour relever ce d√©fi et 3JM-Edition voit le jour! Nous vous souhaitons de passer d‚Äôagr√©ables moments avec ¬´ LE MOT LE PLUS COURT ¬ª, que ce soit en famille ou entre amis et que vous soyez joueurs ou tout simplement amateurs de jeux d‚Äôesprit et de jeux de lettres. ¬ª"
3Joy Games,https://boardgamegeek.com/boardgamepublisher/53628/3joy-games,,,"3Joy Games is a Canadian toy manufacturing company based in Toronto, Ontario. It specializes in strategic games, family games, and educational games. The products it currently produces include Board games, Card games, Puzzles, Dice games, and hopefully more in the future."
3peace Games,https://boardgamegeek.com/boardgamepublisher/58191/3peace-games,,,"Based in Nagoya, Japan, this circle began its activities in 2023. Their flagship work, ""COSMOS,"" is set to be released in the spring of 2025. With Konamu as the designer, known for her simple yet captivating designs, the team of Pashi, Takacha, and Gi-Tas collaborates on game mechanics creation and operations."
3RD Games,https://boardgamegeek.com/boardgamepublisher/59125/3rd-games,,,Korean indie boardgame publisher
3rd Place Games,https://boardgamegeek.com/boardgamepublisher/39410/3rd-place-games,,,"Based in Sydney, Australia and founded by Christopher Ng (Dragon Kings), 3rd Place Games is the publisher of the upcoming title ""11:58"""
3RoguesGaming,https://boardgamegeek.com/boardgamepublisher/44529/3roguesgaming,,,"3RoguesGaming is new to the game industry. At 3RoguesGaming, we look to create and bring to market games that are fun for the whole family. We believe that in today‚Äôs chaotic day to day life, there is a need for games that can bring family and friends together around the table."
3Sided Card,https://boardgamegeek.com/boardgamepublisher/23665/3sided-card,,,"3Sided Card is the brainchild of Boardgame Babylon podcaster and game designer E.R. Burgess. With his collaborator Chad M. Smith, 3Sided Card is in the process of launching over a dozen games ranging from light card games to heavier Euro-style business games and even a few party games. While designed as a game studio that will possibly partner with other companies to bring games to market, 3Sided Card expects to launch its first game on Kickstarter late in 2013."
3SIXES,https://boardgamegeek.com/boardgamepublisher/39386/3sixes,,,Creators of maps and printable scenery.
"3Some Games, Inc.",https://boardgamegeek.com/boardgamepublisher/23106/3some-games-inc,,,"Life-long gamers David Boostrom and James Waller founded 3Some Games, Inc. to produce innovative and high-quality games across many different platforms. Heroes of Metro City is the first project that is ""shovel-ready,"" but expansions and iOS games are finishing production as well. -- From the Heroes of Metro City Kickstarter page."
3VO,https://boardgamegeek.com/boardgamepublisher/23985/3vo,,,The Dutch Traffic Safety Association
3W (World Wide Wargames),https://boardgamegeek.com/boardgamepublisher/489/3w-world-wide-wargames,,,"World Wide Wargames (3W), was a prolific producer of wargames founded by Keith Poulter in 1977. Initially located in England with games printed in Hong Kong by Simulation Games, the company first published The Wargamer magazine. After buying SPI from TSR and moving to California, it also published, for a time, Strategy & Tactics magazine and Moves. Both SPI magazines were then sold to Decision Games. The Wargamer magazine geeklists (created by Thom Denholm) : Wargamer V.1: 1-20 Wargamer v.1: 21-40 Wargamer v.1: 41-62 BGG wikipage : The Wargamer Magazine Microbadge:"
"4 Can Play, Inc.",https://boardgamegeek.com/boardgamepublisher/7915/4-can-play-inc,,,"4 Can Play, Inc., is a small toys and games company based in Burlington, Canada."
4 Dekx,https://boardgamegeek.com/boardgamepublisher/35938/4-dekx,,,"Dutch based publisher of board games, owned by game designer Denis Merkx. The first three games of the company, all part of the compact 'Take away and play' line, premiered at the Zuiderspel gaming convention (Veldhoven, NL) on March 19th 2017 ."
4 Kavky,https://boardgamegeek.com/boardgamepublisher/52588/4-kavky,,,"Rodinn√© deskovk√°≈ôstv√≠ 4 Kavky, a small Czech independent family publishing house that currently focuses mainly on modern board games that were created in this century - especially lighter, shorter games for families with children aged 8+ They publish their own games and games by other Czech authors and import a few cool games from around the world ‚Äì SCOUT (Cirkus), Deep Sea Adventure (Ponorka), Startups (Startupy), Durian (Gorily), Troika (Troika), ... www.4kavky.cz"
4 Sisters Games,https://boardgamegeek.com/boardgamepublisher/33166/4-sisters-games,,,U.S. publisher
404 editions,https://boardgamegeek.com/boardgamepublisher/45987/404-editions,,,Le nouveau label de la culture geek ! The new label of geek culture ! (From: Facebook description)
404 on board,https://boardgamegeek.com/boardgamepublisher/47101/404-on-board,,,"404 on Board is the new boardgame label from the French publishing house 404 Editions. 404 Editions is a French publishing house created in 2015, dedicated to pop culture and geek culture, for teenagers, young adults and adults. They have begun created games since their beginnings, with the Escape Boxes, and many little party games. Becoming a reference as a book publisher, the team has now decided to create their brand new boardgame publishing house, with the same spirit that has allowed 404 Editions to be successful: creating games for friends and family, to encourage spending great moments altogether! Born in July 2020, we have started to publish small party games such as ‚ÄúMaskot‚Äù, ‚ÄúNo Problemot‚Äù, ‚ÄúKilling Cards‚Äù and a range of solo card games for children called ‚ÄúH√©ro√Øcartes‚Äù, a ‚Äúchoose-your-own-adventure card game. Our first big project and boardgame is ‚ÄúVol de Nuit‚Äù or ‚ÄúNight Flight‚Äù, inspired from the famous novel ‚ÄúNight Flight‚Äù written by Antoine de Saint-Exup√©ry (the father of ‚ÄúThe Little Prince‚Äù), that will be available in French in June 2021. It‚Äôs a beautiful cooperative and family game from 2 to 5 players, designed by 4 friends (Ronan Legendre, Nicolas Minor, Paul R√©gu√®me & Louis-Arnaud Viard) and illustrated by Maud Chalmel. In September 2021, you will discover ‚ÄúOsirium‚Äù a tile placement and hand management boardgame, designed by Alain T. Puyss√©gur and illustrated by the famous Miguel Coimbra. We‚Äôre currently working on 2022, and can‚Äôt wait to be able to share with all of you our print & play, prototypes, and to meet you during fairs and festivals! Take care The 404 on Board team. You can join us: - On Instagram : https://www.instagram.com/404onboard/ - On Facebook : https://www.facebook.com/404onboard - On our company website : https://www.lisez.com/404-editions/collection-404-on-board/105140 (this is still work in progress!) If you have any comments or questions on our games, don‚Äôt hesitate to contact us at : contact-404onboard(at)edi8(.)fr."
42,https://boardgamegeek.com/boardgamepublisher/26452/42,,,Dutch software company
42GAMES,https://boardgamegeek.com/boardgamepublisher/45153/42games,,,Publisher of DATTO! and mine mine!
43 Degrees North LLC,https://boardgamegeek.com/boardgamepublisher/4037/43-degrees-north-llc,,,This page does not exist. You can edit this page to create it.
"49th West Games, Inc.",https://boardgamegeek.com/boardgamepublisher/1971/49th-west-games-inc,,,This page does not exist. You can edit this page to create it.
"4am Brain, LLC",https://boardgamegeek.com/boardgamepublisher/51346/4am-brain-llc,,,Publisher of Cabooses in the corner and The Money Pit of Oak Island.
4Brain Games,https://boardgamegeek.com/boardgamepublisher/55577/4brain-games,,,"4Brain Games is a dynamic board game publisher specializing in immersive and interactive games, particularly focusing on escape room and detective themes. Their products, suitable for adults and older teens, are renowned for challenging puzzles, engaging narratives, and high replay value. Key titles include the ""The Unknown Krimispiel"" series and ""Arkanum die Schatzinsel"", each offering unique adventures in mystery-solving and treasure hunting. Committed to quality and innovative design, 4Brain Games continues to push the boundaries of traditional board gaming, creating memorable experiences for players and families alike."
4Ever Odd Gaming,https://boardgamegeek.com/boardgamepublisher/35985/4ever-odd-gaming,,,"Be bold. Be brave. Dare to be different, but always remain true to who and what you are. This is a rather tall order I hear you say... 4Ever Odd is a group of people and one determined rabbit who aims to make it as easy to do as it is to say. Why smother your creativity in order to fit in with the norm? If you have a song, sing it! If you have a picture, paint it! If you have a game, play it! And if people say, well, that's a little odd, then you have arrived! At 4Ever Odd we are eager to help you reach your full potential. So, welcome to the community of those who dare to be different. Be 4ever odd and enjoy every minute!"
4Fi Games,https://boardgamegeek.com/boardgamepublisher/45849/4fi-games,,,"More important than games themselves is what effect they have on people. 4Fi was created to be something that represents community, inspires creativity, and encourages relationship building. Meet new people. Play for the fun of it. Build strong connections. 4Fi Games is owned and operated by Peter Guth in Lexington, Kentucky"
4globalPlayers,https://boardgamegeek.com/boardgamepublisher/7592/4globalplayers,,,This page does not exist. You can edit this page to create it.
4Hogs d.o.o.,https://boardgamegeek.com/boardgamepublisher/30831/4hogs-doo,,,"company name taken from the back of the ""Vaults"" game box."
