name,website,contact
1 More Time Games,http://www.1moretimegames.com/,
10 Traders GmbH,https://10traders.de/,info@10traders.de
25th Century Games,https://www.25thcenturygames.com/,
2Tomatoes Games,https://www.2tomatoesgames.com/,
4Dados,https://4dados.es/,4dados@4dados.es; info@midominio.com
999 Games B.V.,https://www.999games.nl/,
A-Games,http://www.a-games.hu/,info@a-games.hu
AMIGO Games (AMIGO Spiel + Freizeit GmbH),https://www.amigo.games/,
APE Games (AKA Advanced Primate Entertainment),http://www.apegames.com/,
Abeilles Editions,https://www.abeilles-editions.fr/,
Absurdist Productions,https://absurdistproductions.com/,
Academy Games,http://www.academygames.com/,sales@academygames.com
Aces Games (AKA Eleven Aces Gruppo AKA Eleven Aces),https://acesgames.it/,
Act in games,http://www.act-in-games.com/en/,actingames@icloud.com; info@actingames.com
Adam's Apple Games,https://adamsapplegames.com/,adam@adamsapplegames.com
Adlung-Spiele,http://www.adlung-spiele.de/,info@adlung-spiele.de
Adventure Together,https://adventuretogether.games/,admin@adventuretogether.games; applied@checkout.gear; apply.emailadmin@adventuretogether.games; calculated@checkout.subtotal
Agie Games,https://agiegames.com/,info@agiegames.com; pedro@agiegames.com
Albi (Albi Česká republika),https://www.albi.eu/en,
Alga,https://algaspel.se/,info@algaspel.se; info@brio.net
Alley Cat Games,https://www.alleycatgames.com/,awards@www.alleycatgames.com; cs@alleycatgames.com; gpsr@euify.eu; vote@www.alleycatgames.com
Alligator Alley Entertainment,https://alligatoralleyentertainment.com/,
Allplay (FKA BoardGameTables.com),https://allplay.com/,
Analog Game Studios,http://analoggamestudios.com/,
Ankama Games,https://www.ankama.com/,
Apeiron Games,https://apeiron.games/,
Arcane Wonders,https://www.arcanewonders.com/,customerservice@arcanewonders.com; customerservice@arcanewonders.com.do; customerservice@arcanewonders.com.we; kickstarter@arcanewonders.com
Archona Games,https://www.archonagames.com/,
Ares Games (AKA Ares Games Srl),https://www.aresgames.eu/,
Art of Games SPRL (AKA Art of Games Vincent Se Lenne),https://artofgames.com/,contact@artofgames.com
Artipia Games,http://www.artipiagames.com/,aimed@gamers.our; register@www.artipiagames.com; services@www.paypal.com; support@artipiagames.com
Arty-Dé (AKA Tomatrope),https://delartetdesjeux.fr/,contact@delartetdesjeux.fr
Asmodee,https://corporate.asmodee.com/,
Astoria Games Co.,https://astoriagames.com/,
Atalia Games (Atalia Jeux),,
Atomo Games,https://atomo-games.com/,juegos@atomo-games.com; richi@gdmgames.com
Auzou,https://www.auzou.fr/,
Awaken Realms,https://awakenrealms.com/,
Awaken Realms Lite,https://awakenrealmslite.com/,
Azao Games,https://azaogames.com/,info@azaogames.com
BANNAN Games,https://bannan.be/,info@bannan.be; nathan@bannan.be; received@bannan.however
BGNations Limited Company (AKA BGN BoardGameNations),https://www.bgnations.com/,
BLAM!,https://blam-edition.com/,
Backspindle Games Ltd.,http://www.backspindlegames.com/,
Banana Panda,https://bananapanda.com/,
Banana Smile,https://www.banana-smile.com/,
Bankiiiz Editions,http://bankiiiz.com/,contact@bankiiiz.com; contact@bankiiiz.com.bankiiiz; contact@bankiiiz.comnum
Bellow's Intent / Bellows Intent,https://www.bellowsintent.com/,
Best With 1,https://bestwith1.com/,gabe@bestwith1.com; support@bestwith1.comby
Beyond Cataclysm (AKA Beyond Cataclysm Books),https://beyondcataclysm.co.uk/,
"Bicycle Games (AKA Games by Bicycle, AKA United States Playing Card Company)",http://www.bicyclecards.com/,information.privacy@cartamundi.com; privacy@cartamundi.com; privacy@cartamundi.com.recipientcountry; privacy@cartamundi.com.we; support@cardtopia.com
Big Potato Games,https://bigpotato.co.uk/https://bigpotato.com/,
Bioviva,https://www.bioviva.com/,
Black Box Adventures,https://blackboxadventures.com/,info@blackboxadventures.com; info@blackboxadventures.com.black; info@blackboxadventures.com.om
Black Site Studios,https://blacksitestudio.com/,sales@blacksitestudio.com; sales@blacksitestudio.com.our
BluEncore,https://bluencore.com/,follow@blu.encore; info@bluencore.com.changes; info@bluencore.com.contact; info@bluencore.com.you; tag@blu.encore
Blue Cocker Games,https://bluecocker.com/,o@4.dsdn; x@4.gx
Blue Orange (EU),http://www.blueorangegames.eu/,businesses.cil@ovh.net; cil@ovh.net; contact@tribuo.fr; info@blueorangegames.eu; info@blueorangegames.eu.call; info@blueorangegames.eu.specific; jalal@blueorangegames.eu; timothee@blueorangegames.eu
Blue Star Press,https://bluestarpress.com/,contact@bluestarpress.com; contact@bluestarpress.com.support
"Board & Dice (Board&Dice, Board and Dice)",http://boardanddice.com/,specified@checkout.please
Board Game Box Publishing,https://www.boardgamebox.life/,info@boardgamebox.life
Bombyx,,
Boquerón Games,https://boquerongames.com/,
Bounty Board Games,https://bountyboardgames.com/,
Brain Games,https://brain-games.com/,bgp@brain-games.com; info@brain-games.com; info@brain-games.com.you; info@dvi.gov.lv; located@publishing.brain-games.com.products
Brain Picnic,https://brainpicnic.com/,hola@brainpicnic.com
Bright Eye Games,https://www.brighteyegames.com/,hello@brighteyegames.com
Broadway Toys LTD (Longshore Limited),https://www.longshore.com.hk/,enquiry@longshore.com.hk; sales-domestic@longshore.com.hk; sales-domestic@longshore.com.hkwebsite
Buffalo Games  (AKA Buffalo Games & Puzzles),https://buffalogames.com/,
Bully Pulpit Games,https://bullypulpitgames.com/,info@bullypulpitgames.com; online@bpglink.com
Burnt Island Games,http://www.burntislandgames.com/,info@burntislandgames.com; info@burntislandgames.com.this; service@burntislandgames.com; service@burntislandgames.comcontactcopyright
Button Shy Games,http://buttonshygames.com/,club@patreon.home; club@patreon.join
CMYK Games,https://cmyk.games/,available@www.adrservices.com; dashboard@dashboard.hcaptcha.com.6.ph; hello@cmyk.games; legal@imachines.com; legal@imachines.com.by; page@hcaptchastatus.com; privacy@imachines.com; reason@all.because; support@hcaptcha.com; support@hcaptcha.com.15.our; support@hcaptcha.com.companyaboutjobstrademarksai; support@hcaptcha.com.master; support@hcaptcha.com.processing; support@hcaptcha.com.we; support@hcaptcha.com.you; support@hcaptcha.com.your; support@hcaptcha.comchanges; support@hcaptcha.comcookie; support@hcaptcha.comimpressum; support@hcaptcha.comnotice; support@hcaptcha.comwarranty; support@imachines.com; website@hcaptcha.com; website@www.hcaptcha.com
Calliope Games,http://www.calliopegames.com/,
Capital Gains Studio,https://www.capitalgainsgroup.com/,info@capitalgainsgroup.com; info@capitalgainsgroup.comour
Capstone Games,https://capstone-games.com/,contact@capstone-games.com; contact@capstone-games.com.waiver
Captain Games,https://captain.games/,
Catalyst Game Labs,https://www.catalystgamelabs.com/,info@catalystgamelabs.com; info@catalystgamelabs.com.brandslicensesservicesstoreprivacy
Catastrophe Games,https://catastrophegames.net/,pao@catastrophegames.net
Catch Up Games,http://www.catchupgames.com/,contact.dp@hachetteboardgames.fr; contact.dp@hachetteboardgames.fr.pour
Cayro,https://cayro.es/,cayro@cayro.es
Chalk and Chuckles,https://chalkandchuckles.com/,info@chalkandchuckles.com; info@chalkandchuckles.com.you
Chaosium Inc.,http://www.chaosium.com/,andrew@chaosium.com; brian@chaosium.com; bridgett@chaosium.com; chaosium@chaosium.com; customerservice@chaosium.com; daria@chaosium.com; david.larkins@chaosium.com; david@chaosium.com; dustin@chaosium.com; events@chaosium.com; ian@chaosium.com; james@chaosium.com; jamie@chaosium.com; jason@chaosium.com; jeff@chaosium.com; jeremiah@chaosium.com; kickstarter@chaosium.com; kuba@chaosium.com; lynne@chaosium.com; mark@chaosium.com; mike.curry@chaosium.com; mike@chaosium.com; mob@chaosium.com; nick.brooke@chaosium.com; purchase@chaosium.com; rick@chaosium.com; susan@chaosium.com
Cheatwell Games,https://cheatwell.com/,sales@cheatwell.com; sales@cheatwell.comwebsite; ussales@cheatwell.com
Cheeky Parrot Games,http://www.cheekyparrotgames.com/,instead.service@cheekyparrotgames.com; sales@cheekyparrotgames.com; service@cheekyparrotgames.com
Chronicle Books,https://www.chroniclebooks.com/collections/games,academic@chroniclebooks.com; donations@chroniclebooks.com; donations@chroniclebooks.compermissions; hello@chroniclebooks.com; hello@chroniclebooks.com.are; hello@chroniclebooks.com.privacy; located@www.chroniclebooks.com; permissions@chroniclebooks.com; permissions@chroniclebooks.comsubrights; publicity@chroniclebooks.com; publicity@chroniclebooks.comdesk; subrights@chroniclebooks.com; subrights@chroniclebooks.comreview
Cocktail Games,https://www.cocktailgames.com/,
Cogitate Games,https://cogitategames.com/,
Collective Adventure,https://www.collective-adventure.com/,bonjour@collective-adventure.com; bonjour@collective-adventure.commentions
Compass Games,http://www.compassgames.com/,
Continuum Games,https://continuumgames.com/,orders@continuumgames.com; play@bedtime.each
Corax Games (Happyshop Brand),https://www.corax-games.com/,
Corvus Belli Infinity,https://corvusbelli.com/,
Cosmodrome Games,https://b2b.cosmodrome.games/,%20hello@cosmodrome-games.com; gameshello@cosmodrome-games.com
Cosmoludo,https://www.cosmoludo.com/,info@cosmoludo.com
Crafty Games,https://www.crafty-games.com/,marketing@crafty-games.com; michael@mobvanguard.com; sales@crafty-games.com; service@crafty-games.com; submissions@crafty-games.com
Creardo,https://creardo.it/,
CreativaMente,https://www.creativamente.eu/,
Critical Hut,https://criticalhut.eu/,
CrowD Games,http://crowdgames.us/,
Cryptozoic Entertainment,https://www.cryptozoic.com/,sales@cryptozoic.com
Cube Factory of Ideas,http://factorycube.pl/home,
Cubicle7Games (AKA Cubicle 7 Entertainment),https://cubicle7games.com/,
"Czech Board Games (Czech Games Edition, or CGE)",http://czechgames.com/,iva@czechgames.com; iva@czechgames.comreach; s.r.o.support@czechgames.com; support@czechgames.com; support@czechgames.com.our
DJECO,https://www.djeco.com/,
DMZ Games,https://dmzgames.es/,
DVC Games,https://dvc.games/,jasper@dvc.games; jasper@dvc.games.our; mxjasperbeatrix@gmail.com
Daily Magic Games,https://dailymagicgames.com/,calculated@checkout.check; contact@dailymagicgames.com; contact@dailymagicgames.com.specializing
Dan Verssen Games,http://dvg.com/,customerservicedvg@gmail.com
Darrington Press,https://darringtonpress.com/,
Decision Games,https://decisiongames.com/,
Deep Print Games,https://deep-print-games.com/,moinmoin@deep-print-games.com; sales@deep-print-games.com
Denkriesen (AKA Den Kriesen AKA D&R DENKRIESEN GMBH),https://www.denkriesen.com/,info@datenschutz-frick.de; info@denkriesen.com; info@denkriesen.comtelefon; info@denkriesen.comweb; marketing@denkriesen.com; support@denkriesen.de.welche
Devir (AKA Devir Iberia),https://devirgames.com/,register@devirgames.com; shopping@devirgames.com
Dice Hate Me Studio,http://www.dicehatemegames.com/,
Dino Toys,http://www.mojedino.cz/,dotazy.eshop@dinotoys.cz; export@dinotoys.cz; hod.dotazy.eshop@dinotoys.cz; marketing@dinotoys.cz; obchod@dinotoys.cz; personalni@dinotoys.cz; poptavka@dinotoys.cz; reklamace@dinotoys.cz; vyvoj@dinotoys.cz
Disto Studio,https://distostudio.com/,contact@distostudio.fr
Doit Games,https://doitgames.com/,info@doitgames.com; info@doitgames.comdoitgames; prototipos@doitgames.com
Don't Panic Games,https://www.dontpanicgames.com/en/,
Draco Games (AKA Draco Ideas),https://dracoideas.com/editorial/en/home/,info@dracoideas.com; rgpd@dracoideas.com
Draco Studios (AKA Detestable Games),https://www.dracostudios.com/,%20support@dracostudios.com; info@dracostudios.com; info@dracostudios.cominformation; support@dracostudios.com
Dragon Egg Games,https://www.dragonegggames.com/,max@dragonegggames.com; max@dragonegggames.comcontact; max@dragonegggames.comlearn
Dranda Games,https://www.drandagames.co.uk/,info@drandagames.co.uk
Drawlab Entertainment,https://drawlab.com/,
Dreadnaught Publishing LLC,https://dreadnaughtgames.com/,contact@dreadnaughtgames.com; contact@dreadnaughtgames.com.for; contact@dreadnaughtgames.com.international; contact@dreadnaughtgames.com.last; contact@dreadnaughtgames.com.third; dates.contact@dreadnaughtgames.com; filler@godaddy.comhometomcontact; filler@godaddy.commy
Drei Hasen in der Abendsonne,https://www.dreihasenspiele.de/,
Drei Magier Spiele (Drei Magier by Schmidt Spiele GmbH),https://www.dreimagier.de/,info@schmidtspiele.de
Druid City Games,https://www.druidcitygames.com/,support@druidcitygames.com
Dyce Games,https://dycegames.com/,info@dycegames.com
Dyskami,http://www.dyskami.ca/,info@dyskami.ca
Débâcle Jeux,https://debacle.fr/,
EFKO,https://www.efko.cz/en/,162vesela@efko.cz; 208musilova@efko.cz; 221miklova@efko.cz; 303stanikova@efko.cz; 357j.vosmik@efko.cz; 414topolsky@efko.cz; 600jakub.josifek@efko.cz; 603katreh@post.cz; 700expedice.sh@efko.cz; 700faktura@efko.cz; 702a.sindelarova@efko.cz; 702grafik@efko.cz; 704hromek@efko.cz; 706mikla@efko.cz; 707danihelova@efko.cz; 707info@efko.cz; 708marta.h@efko.cz; 709stocek@efko.cz; 725vyroba1@efko.cz; 730kalkulace@efko.cz; 733flidrova@efko.cz; a.sindelarova@efko.cz; accountantucetni@efko.cz; cech@efko.cz; danihelova@efko.cz; directortravnickova@efko.cz; expedice.sh@efko.cz; faktura@efko.cz; flidrova@efko.cz; grafik@efko.cz; hromek@efko.cz; info@efko.cz; j.vosmik@efko.cz; jakub.josifek@efko.cz; kalkulace@efko.cz; katreh@post.cz; managercech@efko.cz; managersindelarova@efko.cz; marta.h@efko.cz; mikla@efko.cz; miklova@efko.cz; musilova@efko.cz; sindelarova@efko.cz; stanikova@efko.cz; stocek@efko.cz; topolsky@efko.cz; travnickova@efko.cz; ucetni@efko.cz; vesela@efko.cz; vyroba1@efko.cz
Eagle-Gryphon Games,https://www.eaglegames.net/,gamesubmission@eagle-gryphon.com; gamesubmission@eagle-gryphon.com.retailers; inc.info@eagle-gryphon.com; info@eagle-gryphon.com; info@eagle-gryphon.com.game; info@eagle-gryphon.com.our; marketing@eagle-gryphon.com; marketing@eagle-gryphon.com.top; orders@eagle-gryphon.com; sales@eagle-gryphon.com; sales@eagle-gryphon.com.media
Earthborne Games,https://earthbornegames.com/,
Eclipse Editorial,http://eclipseeditorial.com/,eclipse@eclipseeditorial.com; info@dracoideas.com
Edge Studio (formerly Edge Entertainment),https://www.edge-studio.net/,
Educa Borras SAU,https://www.educaborras.com/,
Educational Insights,https://educationalinsights.com/,
Elf Creek Games,http://www.elfcreekgames.com/,help@allplay.com
Emperors4,https://en.emperors4.com/,
Entertoyment,https://entertoyment.net/,ogeday.samatli@entertoyment.net
Envy Born Games,https://envyborngames.com/,matthew@envyborngames.com
Esper Game Studio,https://www.esper.games/,
Everything Epic Games LLC,https://www.everythingepicstore.com/,contactinfo@everythingepic.us; us.contactinfo@everythingepic.us
Evil Genius Games,https://www.evilgeniusgames.com/,homepage@www.evilgeniusgames.com
Evolugame,https://evolugame.com/,jeu@evolugame.com
Exalted Funeral Press,https://www.exaltedfuneral.com/,press@exaltedfuneral.com.creators; projects@exaltedfuneral.com.for; purchasing@exaltedfuneral.com; support@exaltedfuneral.com; support@exaltedfuneral.com.news; support@exaltedfuneral.com.press; wholesale@exaltedfuneral.com.find
Explor8,https://explor8.com/,contact@explor8.com
Explosm Games (AKA Joking Hazard),https://explosm.net/,helloexplosm@explosm.net; helloexplosm@explosm.netcomicsstoregamescomic; helloexplosm@explosm.netcontacting; robd@explosm.net; wholesale@explosm.net
FASA Games,https://fasagames.com/,contact@fasagames.com; kickstarter@fasagames.com; kickstarter@fasagames.com.upcoming
Facade Games,https://facadegames.com/,
Falomir Juegos,https://falomirjuegos.com/,a.falomir@falomir.es; falomir@falomir.es; webmaster@falomirjuegos.com; webmaster@falomirjuegos.com.podr
Fantasia Board Games / PIKA Games,https://www.fantasiaboardgames.com/,
Fat Brain Toy Co.,https://www.fatbraintoyco.com/,available@fatbraintoyco.com; fbtco@fatbraintoyco.com; kids@heart.but; order@www.fatbraintoyco.com.call; out@www.fatbraintoyco.com.minimums; sales@fatbraintoyco.com; sales@fatbraintoyco.com.6.be; sales@fatbraintoyco.com.call; sales@fatbraintoyco.com.sincerely; sales@fatbraintoyco.com.while; wholesale@fatbraintoyco.com
Fentasy Games Sarl,https://fentasy-games.com/,florian@fentasy-games.com
Ferti,https://en.ferti-games.com/,
Fever Games,https://www.fever-games.com/,emanuele.pierangelo@fever-games.com
Fireside Games,https://firesidegames.com/,about@www.kidstuffpr.com.read; info@firesidegames.com.we; online@www.academicschoice.com.the
Floodgate Games,http://floodgate.games/,%20support@floodgategames.com; over@floodgate.games; support@floodgategames.com; support@floodgategames.com.our; time@all.find
Flying Pig Games,https://flyingpiggames.com/,filler@godaddy.comhomeshopour; filler@godaddy.comordersmy; gamesstaff@flyingpiggames.comcontact; staff@flyingpiggames.com; steps@all.we; tracy@flyingpiggames.com
Form Square Games,https://www.formsquaregames.com/,andrew@formsquaregames.com; formsquaregames@gmail.com
Fort Circle,https://fortcircle.com/,info@fortcircle.com
FoxGames,http://foxgames.pl/,
FoxMind,http://www.foxmind.com/,info@foxmind.com
Fractal Juegos,https://www.fractaljuegos.com/,hola@fractaljuegos.cl
Fratelli Games,https://fratelligames.com/,available@www.adrservices.com; calculated@checkout.check; dashboard@dashboard.hcaptcha.com.6.ph; ideas@fratelligames.com; legal@imachines.com; legal@imachines.com.by; page@hcaptchastatus.com; privacy@imachines.com; reason@all.because; support@hcaptcha.com; support@hcaptcha.com.15.our; support@hcaptcha.com.companyaboutjobstrademarksai; support@hcaptcha.com.master; support@hcaptcha.com.processing; support@hcaptcha.com.we; support@hcaptcha.com.you; support@hcaptcha.com.your; support@hcaptcha.comchanges; support@hcaptcha.comcookie; support@hcaptcha.comimpressum; support@hcaptcha.comnotice; support@hcaptcha.comwarranty; support@imachines.com; website@hcaptcha.com; website@www.hcaptcha.com
Frechverlag GmbH (Topp Kreativ),https://www.topp-kreativ.de/,83086-0info@topp-kreativ.de; anja.brunnert@vva-arvato.de; anne.krohn@vva-arvato.deorte; datenschutz@topp-kreativ.de; diana.bauer@vva-arvato.deorte; hilfe@frechverlag.de; info@topp-kreativ.de; kundenservice@frechverlag.de; kundenservice@frechverlag.devertretungsberechtigte; marketing@frechverlag.de; paula.nolte@vva-arvato.deorte; presse@frechverlag.de; simone.pfeiffer@vva-arvato.deorte; vva-auftragsservice@vva-arvato.de
Free League Publishing,https://freeleaguepublishing.com/,calculated@checkout.your
Frenchy Kuma,https://frenchykuma.com/,contact@frenchykuma.com
"Friendly Skeleton (formerly Deep Water Games, also part of OxEye Media)",https://friendlyskeleton.com/,info@friendlyskeleton.com; jacob@friendlyskeleton.comdistribution-...monsdrawsity
Frog God Games,https://www.froggodgames.com/,
Frosted Games,http://frostedgames.de/,
Funny Fox (Funnyfox),http://funnyfox.fr/en,3z@rv.zg; 9@mp.gq; games@funnyfox.fr; u@5-.ugm
Funtails GmbH,http://funtails.de/,development@funtails.de; invoices@funtails.de; partner@funtails.de; sales@funtails.de; service@funtails.de; steffen@funtails.detelefon
Furious Tree Games,https://www.furioustreegames.com/,support@furioustreegames.com; support@furioustreegames.com.use
GDM Games,http://gdmgames.com/,info@gdmgames.com; info@gdmgames.comll; juegos@atomo-games.com; richi@gdmgames.com
GEMJI.com,https://gemji.com/,
GMT Games LLC,https://www.gmtgames.com/,gmtoffice@gmtgames.com; gmtoffice@gmtgames.com.to
GRRRE Games,https://www.grrre-games.com/,contact.grrregames@gmail.com
GaGa Games,http://www.gaga-games.com/,
Gaia Games (Gaiagames),https://www.gaiagames.de/,
Galakta,http://galakta-games.com/,.projektygier@galakta.pl; .reklamacje@galakta.pl; firma@galakta.pl; grafik@galakta.pl; hurt@galakta.pl; prac.firma@galakta.pl; projektygier@galakta.pl; promocje@galakta.pl; reklamacje@galakta.pl; stronie.grafik@galakta.pl; stronie.promocje@galakta.pl; stronie.testerzy@galakta.pl; testerzy@galakta.pl
Gale Force 9 (AKA Gale Force Nine),http://www.gf9.com/,
Gam'in BIZ,https://gaminbiz.nl/en/,
Game Factory,https://www.gamefactory-spiele.com/,info@carletto.chtelefon; info@gamefactory-games.com; info@gamefactory-games.combei
Game Flow SARL,http://www.game-flow.fr/,
Game Forlag,https://www.gameforlag.no/,
Game and a Curry,https://www.gameandacurry.com/,
Game's Up,http://games-up.de/,
Gamehead,https://gamehead.com/,sales@gamehead.com; sales@gamehead.com.policy; sales@gamehead.com.right; sales@gamermats.com; sales@gamermats.com.correcting; sales@gamermats.com.policy; sales@gamermats.com.right
Gamelyn Games,https://tycoongames.com/,support@tycoongames.com
Gameology (Playte imprint),https://www.playte.com/,playte.design@gmail.com
Games 4 Gamers,http://www.games4gamers.es/,info@games4gamers.es
"Gamewright (Ceaco, Brainwright)",http://gamewright.com/,
Geek Attitude Games,https://www.geekattitudegames.com/en/,
Geeks n' Orcs,https://geeksnorcs.com.br/,contato@geeksnorcs.com.br
Gehenna Gaming,https://www.gehennagaming.com/,ecollins@gehennagaming.com; enorris@gehennagaming.com; highcouncil@gehennagaming.com; highcouncil@gehennagaming.comcookiescookies; highcouncil@gehennagaming.comhow; imuller@gehennagaming.com; nfrancia@gehennagaming.com; ttrpg.info@gehennagaming.comfind
Gen-X Games (Gen X Games S.L.),http://www.genxgames.es/,
Ghostfire Gaming,https://ghostfiregaming.com/,
Gibbo's Games,http://gibbosgames.com/,laugh@you.thanks
Gibson's (Gibsons),https://gibsonsgames.co.uk/,comments@gibsonsgames.co.uk; hello@gibsonsgames.co.uk; marketing@gibsonsgames.co.uk; solutions@greuter.nl
Gigamic,https://en.gigamic.com/,
Ginger Fox Games,https://gingerfox.co.uk/,helpme@gingerfox.co.uk; helpme@gingerfox.co.uk.20.entry; press@gingerfox.co.uk; sales@gingerfox.co.uk; usa@gingerfoxgames.com
Giochi Uniti SRL,https://www.giochiunitiinternational.com/,
Giochix.it,http://giochix.it/,
Glass Cannon Unplugged,https://glasscannonunplugged.com/,info@glasscannonunplugged.com; support@glasscannonunplugged.com
Glass Shoe Games,,
Gmeiner-Verlag,https://www.gmeiner-verlag.de/,name@email.com
Gold Seal Games,https://www.goldsealgames.com/,
Golden Bear,https://www.goldenbeartoys.com/,customerservices@goldenbeartoys.co.uk; strikesphereinfo@goldenbeartoys.co.uk
Goliath Games (Goliath B.V.),https://vividtoysandgames.co.uk/goliath-games,
Goodman Games,https://goodman-games.com/,
Gotha Games,http://www.gothagames.co.uk/,
Granna,http://www.granna.pl/en/,agatagrotkowska@granna.pl; andrzejgrochocki@granna.pl; annatomczyszyn@granna.pl; b2b@granna.pl; bok@granna.pl; dominikaaffek@granna.pl; ewafalkowska@granna.pl; export@granna.pl; handel@granna.pl; klub@granna.pl; malgorzataparczewska@granna.pl; michalkrzyzanowski@granna.pl; pawelwieczorkowski@granna.pl; service@granna.pl; sklep@granna.pl
Gravitation Games,https://gravitation.games/,customerservice@gravitation.games; info@guildhallstudios.com
Gray Matters Games,https://graymattersgames.com/,
Grey Fox Games,http://www.greyfoxgames.com/,info@greyfoxgames.comwe
Grimspire,http://grimspire.com/,order@b-rex-entertainment.com; service@happyshops.com
Guf Studios,http://gufstudios.com/,
H-Town Games (HTownGames),https://www.htowngames.nl/,info@htowngames.nl
HABA,https://habausa.com/games,customerservice@habausa.com; customerservice@habausa.com.our; elizabeth@habausa.com; recall@habausa.com; young@heart.our
HEADU,https://www.headu.com/,info@headu.com
HUCH! / Hutter Trade,http://www.hutter-trade.com/,gb@gbsolution.de; info@hutter-trade.com; info@mohnkopf.com; redaktion@hutter.net; steps@all.we
Hall Games,https://hallgames.de/en_us/,bornheimralph.bruhn@hallgames.deustid; ralph.bruhn@hallgames.de
Hans im Glück Verlags-GmbH,http://www.hans-im-glueck.de/,info@hans-im-glueck.de; service@cundco.de
Happy Baobab,http://happybaobab.biz/,export@happybaobab.com; info@happybaobab.com; pub@happybaobab.com
Happy Puzzle Company (The Happy Puzzle Company),https://www.happypuzzle.co.uk/,chosen@random.happy; enquiries@happypuzzle.co.uk; info@happypuzzle.co.uk; steps@all.we; website@www.happypuzzle.co.uk
Hasbro Gaming,http://hasbrogaminglab.com/,askhasbro@hasbro.co.uk; conditions@anytime.restrictions; dataprivacy@hasbro.com; dataprivacy@hasbro.comfor; dataprivacy@hasbro.comor; dpo@hasbro.com
HeidelBAR Games,https://heidelbaer.de/,help@heidelbaer.de; info@heidelbaer.de; info@heidelbaer.degesch; presse@heidelbaer.de; submission@heidelbaer.de; vertrieb@heidelbaer.de
Helvetia Games,http://www.helvetia-games.ch/,info@helvetia-games.ch
Helvetiq,https://www.helvetiq.com/,info@helvetiq.ch
Histogame,http://histogame.de/,
Hobbity,http://www.hobbity.eu/,daneosobowe@lubimyczytac.pl
Hobby World,https://hobbyworldint.com/,
Hollandspiele,https://hollandspiele.com/,hollandspiele@gmail.com
Homosapiens Lab,https://homosapienslab.com/,
Hoopa Games (also spelled Houpaa),https://hoopagames.ir/,
Hootenanny Games,https://playhootenanny.com/,here@hootenanny.now; info@playhootenanny.com
Horrible Guild (FKA Horrible Games),https://horribleguild.com/,
Hurrican,https://hurricangames.com/,
Identity Games,https://identitygames.nl/,gdpr@identitygames.nl; gdpr@identitygames.nl.ten; info@identitygames.nl; info@identitygames.nl.adres
Indie Game Studios (FKA Indie Boards & Cards / Indie Boards and Cards),https://indieboardsandcards.com/,customerservice@indiegamestudios.net
Inside Up Games,http://insideupgames.com/,distribution@insideupgames.com; emailinfo@insideupgames.com.inside; info@insideupgames.com; retailers@insideupgames.com
Invedars,https://www.invedars.com/,
Ion Game Design,http://iongamedesign.com/,info@iongamedesign.com; info@iongamedesign.com.support
Iron Crown Enterprises,https://ironcrown.com/,colin-ice@hotmail.co.uk; colin-ice@hotmail.co.uk.ice; colin-ice@hotmail.co.uk.the; nicholashmcaldwell@gmail.com; nicholashmcaldwell@gmail.com.creating; nicholashmcaldwell@gmail.com.you
Isola Illyon Edizioni,https://www.isolaillyonedizioni.it/,
Japanime Games,https://japanimegames.com/,other@once.regardless
Jet Games Studio,http://jetgamesstudio.com/,infojetgames@gmail.com; roman@lavkagames.com
John Adams,https://www.johnadams.co.uk/,calculated@checkout.check; conditions@anytime.restrictions; customerservices@johnadams.co.uk
Jolly Thinkers (Jolly Thinkers' Learning Centre Ltd.),https://www.jollythinkers.com/?locale=en,info@jollythinkers.com
Juegos Multiverso,https://juegosmultiverso.com.ar/,hola@juegosmultiverso.com.ar
Jumbo Strategy Games (AKA Diset AKA Jumbo Spiele GmbH),https://diset.com/,gdpr@jumboplay.com; legal@jumboplay.com; legal@jumboplay.com.you
Jumping Turtle Games,https://jumpingturtlegames.be/,
KENDi Games,https://kendigmbh.de/,80info@kendigmbh.de; info@kendigames.de; info@kendigmbh.de; info@kendigmbh.deinternet; redaktion@kendigames.de
KOSMOS (AKA Thames & Kosmos),https://www.thamesandkosmos.com/,
KYF edition (Know Your Friends),https://kyf-edition.com/en/home/,contact@kyf-edition.com
Kagu Spiele,https://www.kaguspiele.de/,
Kallmeyer Lernspiele,https://www.friedrich-verlag.de/,150leserservice@friedrich-verlag.de; friedrichlab@friedrich-verlag.de; info@friedrich-verlag.de; leserservice@friedrich-verlag.de; produktsicherheit@friedrich-verlag.de; whistle.fv@t-online.de
Kanga Games,http://www.kangagames.com/,
Karma Games,https://karma-games.com/,info@karma-games.com; juma@karma-games.de; steps@all.we; support@karma-games.atlassian.net
Keymaster Games,https://keymaster.fun/,
Kheo Games,https://kheogames.com/,
Kids Table Board Gaming (KTBG),http://www.kidstablebg.com/,kidstablebg@gmail.com; kidstablebg@gmail.com.this
Kinson Key Games,https://www.kinsonkeygames.com/,communicationsmark@kinsonkeygames.com; ownerdennis@kinsonkeygames.com; ownerkoltin@kinsonkeygames.com; ownertk@kinsonkeygames.com
Kiwizou,https://www.kiwizou.com/,
Knight Works,http://www.knightworksgames.com/,
"Korea Boardgames co., Ltd.",https://www.koreaboardgames.com/store,cs@koreaboardgames.com; lsj@koreaboardgames.com
LOKI,https://loki-kids.com/,contact@loki-kids.com
LUDONOVA,http://ludonova.com/,
Laboludic,https://www.laboludic.com/,
Lansay,https://lansay.fr/,
Laurence King,https://www.laurenceking.com/,%20giftsales@hachette.co.uk; %20marketing@laurenceking.com; %20support@laurenceking.com; anne.vogel-ropers@laurencekingverlag.de; commissioning@laurenceking.com; commissioning@laurenceking.com.ordering; giftsales@hachette.co.uk; hukdcustomerservice@hachette.co.uk; info@laurencekingverlag.de; inspectioncopies@laurenceking.com; inspectioncopies@laurenckeing.com; located@www.laurenceking.com; marketing@laurenceking.com; orders@hachette.com.au; privacy@hachette.co.uk; publicity.enquiries@orionbooks.co.uk; rights.enquiries@orionbooks.co.uk; royalty@laurenceking.com; support@laurenceking.com
Lautapelit.fi,https://en.lautapelit.fi/,
Le Scorpion Masqué,http://www.scorpionmasque.com/en,info@scorpionmasque.comfor; info@scorpionmasque.compour; manuel@scorpionmasque.comvous; manuel@scorpionmasque.comyou; prototypes@scorpionmasque.com; prototypes@scorpionmasque.com.please; sales@coiledspring.co.uk; sales@letsplaygames.com.auto; sav@randolph.cain; sav@randolph.capour
Leder Games,https://ledergames.com/,businessdevelopment@ledergames.com; clay@ledergames.com; clay@ledergames.com.have; support@ledergames.com; support@ledergames.com.faqs; support@ledergames.com.retailers
Letheia,https://en.letheia-games.com/,contact@letheia-games.com; pariscontact@letheia-games.com
Letiman Games LLC,https://www.letimangames.com/,accessible@www.letimangames.com
Libellud,https://www.libellud.com/,
Lifestyle Boardgames Ltd,https://lifestyleltd.ru/,elena.ivanova@hobbyworld.ru; mail@lifestyleltd.ru; s@hobbyworld.ru; sales@hobbyworld.ru
Lion Wing Publishing,https://lionwingpublishing.com/,bradly@lionwingpublishing.com.copyright; bradly@lionwingpublishing.com.you
Little Rocket Games,https://www.littlerocketgames.com/,info@littlerocketgames.com; info@littlerocketgames.com.nome; info@littlerocketgames.comsito
Lock 'n Load Publishing,https://www.lnlpublishing.com/,lnlp@lnlpublishing.com; support@lnlpublishing.com; support@lnlpublishing.com.com; support@lnlpublishing.com.our
Logis (AKA UAB Savas Takas IR KO),https://logis.lt/en/,
Lookout Spiele GmbH (Lookout Games),https://lookout-spiele.de/,
Looping Games,https://www.loopinggames.com/,
Loosey Goosey Games,https://www.looseygooseygames.com/,info@looseygooseygames.com
Lubee Edition,http://www.lubee-edition.com/,
Lucky Duck Games,http://www.luckyduckgames.com/,available@www.luckyduckgames.com; gdpr@luckyduckgames.com; gdpr@luckyduckgames.com.communication; gdpr@luckyduckgames.com.the; info@luckyduckgames.com; office@ul.stawki
Lucky Egg Games (Lucky Egg Limited),https://luckyegg.co/,
Lucrum Games,http://www.lucrumgames.pl/,
Ludamus Games,https://www.ludamusgames.com/,jfrederick@ludamusgames.com
LudiCreations,https://ludicreations.com/,
Ludicus Games,https://ludicus.ro/,comenzi@ludicus.ro; info@ludicus.ro; info@ludicus.rocontacteaza; info@ludicusgames.ro; info@ludicusgames.ro.acceptarea; info@ludicusgames.ro.anularea
Ludopolis,https://www.ludopolis.sk/,767ludopolis@ludopolis.sk; ludopolis@ludopolis.sk
Ludus Magnus Studio,https://ludusmagnusstudio.com/,info@ludusmagnusstudio.com; lmssrl2018@pec.itresponsabili; luca@ludusmagnusstudio.com; marco@ludusmagnusstudio.com; michele@ludusmagnusstudio.com
Ludus Vulpes,https://www.ludusvulpes.com/,theradiantfox@hotmail.com; touchtheradiantfox@hotmail.com
MEBO Games (FKA MESA Board Games),http://www.mebo.pt/,info@mebo.pt
MNKY Entertainment,https://mnkyentertainment.com/en/,info@mnkyentertainment.com; lorenzo@rebo-publishers.com; sales@mnkyentertainment.com
MNSTR Games,https://www.mnstrgames.com/,connectwearemnstrgames@gmail.com; wearemnstrgames@gmail.com
MOCO Games,https://mocogames.com/,calculated@checkout.check
Maestro Media,https://maestromedia.com/collections/maestro-games,helpcenter@maestromedia.com; helpcenter@maestromedia.com.we; info@maestromedia.com
Magellan,http://www.mglan.ru/en/,info@mglan.ru; just@home.do; newgames@hobbyworld.com; opt@mosigra.ru
Magic Bean Games (Magicbean Games),https://magicbean12.cafe24.com/shop6/,gamedesk@chosun.com; magicbean@magicbeangame.com; magicbean@magicbeangames.com
Magpie Games,https://magpiegames.com/,calculated@checkout.check; info@magpiegames.com.faqdownloadsfind; info@magpiegames.com.for
Mammoth Factory Games LLC,https://www.mammothfactorygames.com/,
Mandoo Games,https://www.mandoogames.com/en,help@mandoogames.com; help@mandoogames.com.thank; marco@mandoogames.com; tylor@mandoogames.com
Mantic Games (Mantic Entertainment Ltd.),https://www.manticgames.com/,
Mare Infinitus Games,https://www.mare-infinitus.eu/,
Mattel,https://mattel.com/,dpo.mattelbrasil@iw.adv.br; dpo.mattelbrasil@iw.adv.br.retornaremos; dpo.mattelbrasil@iw.adv.br.we; privacy@esrb.org; privacy@esrb.org.esrb; service@americangirl.com; service@americangirl.comcanadaif
Matthew and Michael Limited,https://matthewandmichael.co.uk/,6312hello@matthewandmichael.co.uksubmitthanks; hello@matthewandmichael.co.uk; matt@matthewandmichael.co.uk; mike@matthewandmichael.co.uk; privacy@matthewandmichael.co.uk; unsubscribe@matthewandmichael.co.uk
Maxilud,https://www.maxilud.com/,
Mayday Games / Imperial Publishing,https://maydaygames.com/,
Megableu (MGBI),https://www.megableu.com/uk/,contact@megableu.com.modification; info@megableu.fr
Megacorpin Games,https://megacorpingames.com/,contact@megacorpingames.com
Merle Éditions,https://merle-editions.fr/,contact@merle-editions.fr
Mighty Boards,https://mighty-boards.com/,sales@mighty-boards.com; support@mighty-boards.com; support@mighty-boards.com.contacting; support@mighty-boards.com.replacements; support@mighty-boards.com.special
Mind Fitness Games,http://www.mind-fitness.ro/,
Mindware,https://www.mindware.orientaltrading.com/games-a1-553541-1.fltr,
Moaideas Game Design,https://www.wix.moaideas.net/,service@moaideas.net; service@moaideas.net.please
Mockingbird Games,http://www.mockingbird-games.com/,
Modiphius Entertainment,http://www.modiphius.com/,calculated@checkout.secure
Mojito Studios,https://www.mojitostudios.com/,if@all.notwithstanding; info@mojitostudios.com; info@mojitostudios.com.you
Mongoose Publishing,https://www.mongoosepublishing.com/,copiesitreccanichinelli@mongoosepublishing.com; enquiriesmsprange@mongoosepublishing.comart; info@bluehorizonsmarketing.co.uk.free; msprange@mongoosepublishing.com; queriesmsprange@mongoosepublishing.compress; sales@mongoosepublishing.com; sales@mongoosepublishing.com.making; sales@mongoosepublishing.commy; submissionssales@mongoosepublishing.comretailer
Monster Fight Club,https://www.monsterfightclub.com/,120328tactical.squad.83@gmail.com; 2173-8932808sales@bnw-distribution.com; 28027704-625-7913info@mightymeeple.com; 284-7258customerservice@monsterfightclub.com; 284-7258info@monsterfightclub.com; 610527info@shinygames.ukwww.shinygames.uk; canada780-757-7655redclaw@shaw.ca; customerservice@monsterfightclub.com; info@monsterfightclub.com; lane832-847-4387little.goldmine@yahoo.com; ma978-250-0566andy@3trolls.com; states208-762-7764strategyngames@gmail.com; states215-642-8555lookinforgames@gmail.com; states219-576-7892adrienne@bytheboardgames.com; states240-360-5998mark.armstrong@grittygoblingames.com; states317-467-9050hometowncomics@yahoo.com; states317-483-3400joe@whiteflaggames.com; states330-814-3194store@battlegroundsgamecenter.com; states410-776-3491info@belairgames.com; states410-897-1076info@thirdeyecomics.com; states417-881-9390customerservice@mguinc.com; states435-932-2936gamegridlogan@gmail.com; states440-779-7008james@recess.games; states443-262-8093info@centralgamingllc.com; states503-238-4000ggpinfo@guardiangames.com; states512-454-2399angie@dlair.net; states512-504-3404danielle@lionhearthobby.com; states513-474-1337tiffany@cincybookrack.com; states567-742-7226dragonsroostgaming@gmail.com; states608-441-0312bk@mistymountaingames.com; states614-844-6463ravenstonegames@aol.com; states617-328-1640jake@alphaomegahobby.com; states636-947-8330fantasyshopinc@gmail.com; states719-531-9863gamershavenco@yahoo.com; states770-497-0202info@levelupgamesatl.com; states773-857-1037drew@bonusroundcafe.com; states808-463-9279mark@thegameodyssey.com; states847-577-9656floyd@games-plus.com; states910-436-3700hobbytown2010@gmail.com; states913-962-4263tabletopmail@mac.com; states925-753-5219gamersguild@att.net; states940-387-5893morefuncomicsandgames@gmail.com; us317-881-4263gwstore@gamepreserve.com; us681-260-2348info@trollhoardgames.com; usa201-876-9666playhoboken@gmail.com; usa206-523-9605moxpurchasing@moxboardinghouse.com; usa208-930-4730thundergamesllc@gmail.com; usa214-631-4263jamison@boardgamesdallas.com; usa234-421-5317orders.infiniterealmsgaming@gmail.com; usa240-237-8271shopify@swordsandspoons.com; usa240-349-2532nick@critrollgaming.com; usa256-470-0089notoriouscollectiblesllc@gmail.com; usa256-801-8187luckydice011@yahoo.com; usa302-366-0963daysofknights@comcast.net; usa309-368-7817turbulentgamessd@gmail.com; usa318-754-3289thegamersxp@yahoo.com; usa320-774-1802lionheartgames@hotmail.com; usa321-951-9700dogsofwargaming@gmail.com; usa331-979-2159giorgisgamespot@gmail.com; usa380-242-2776ps@dlaircolumbus.com; usa404-769-3308discovergames@bellsouth.net; usa410-800-8787contact@portalsshop.com; usa410-863-7418info@gamesandstuffonline.com; usa414-988-1061oldguardgames3132@gmail.com; usa424-488-2400lostplanetgames@gmail.com; usa434-973-2205omegagamesllc@gmail.com; usa480-875-97774140baseline@gmail.com; usa484-577-4095tbz@thebanishzone.com; usa505-361-2058vbriseno@sliceanddicepizzeria.com; usa507-413-0204luckydiceshop@gmail.com; usa508-404-8245tjcollect@aol.com; usa508-436-7770sales@webwaygames.com; usa509-891-7620valley@unclesgames.com; usa518-435-9337fantasyshopoffice@gmail.com; usa540-442-3739jbushong@entlest.com; usa540-885-5530harry@thedragonshoard.com; usa561-469-1995info@prodigygamestcg.com; usa571-398-6495guildgamingstars@gmail.com; usa585-685-8004hall.zachariah@gmail.com; usa602-618-2690tabletop@gamersguildaz.com; usa602-653-5112mesariverview@sanctuarygamesaz.com; usa602-978-0467imperialoutpost@hotmail.com; usa603-232-4813gameknightnh@gmail.com; usa603-678-8643blackmoonnh@gmail.com; usa608-758-9901hollis@nobleknight.com; usa609-466-2329militarymatters@att.net; usa609-496-4122kyle@thewargamersguild.com; usa609-622-8525crew@shipwreck.games; usa623-248-1207sdeboa1@silverdragongamesaz.com; usa623-440-1261sales@tabletopwargamers.com; usa626-804-7033lesieur1401@yahoo.com; usa630-963-0640ericbrezina@fairgamestore.com; usa631-698-2805brothersgrimgames@gmail.com; usa651-645-0386patrick@sourcecomicsandgames.com; usa662-620-0980sportscards@bellsouth.net; usa662-891-2261tomlinson.william.h@gmail.com; usa702-785-3370ntracecabot@gmail.com; usa703-241-9393victorycomics.fc@gmail.com; usa703-347-6474tom@curiocavern.com; usa706-348-7558jakegeras@outlook.com; usa715-203-4030product@bigbadtoystore.com; usa716-824-1049justen@section8hobbies.com; usa716-833-0740dragonsnackgames@gmail.com; usa720-432-4155info@dogoodergames.com; usa724-342-0500tom@icgstore.com; usa727-808-4223contact@oldtaverngames.com; usa740-990-1066flyingmonkeycomicsandgames@gmail.com; usa757-424-5653distributors@towerofgames.com; usa757-595-9005info@worldsbestcomics.biz; usa763-310-4055bchelgeson@gmail.com; usa765-288-1500amsdj@comcast.net; usa770-426-8800hobbytowntr@gmail.com; usa770-578-1497gigabitestabletopcafe@gmail.com; usa770-965-1333store@meeplemadness.com; usa779-200-0600kylerweber@aol.com; usa785-230-9673manager@darkhorsehobbies.com; usa785-370-3999jed@villagegeekgames.com; usa805-990-5695david@gamekastle.com; usa808-498-5232anthony@slowyourroll.com; usa812-725-0120tcbgamesandcollectibles@gmail.com; usa814-636-5570griffonslair@gmail.com; usa828-226-9615tolgardgames@gmail.com; usa828-295-2696dragonsdenboone@gmail.com; usa828-505-7887store@thewyvernstaleavl.com; usa843-414-7801thegamersguildsc@gmail.com; usa843-641-0921zenergygamers@yahoo.com; usa845-787-4676boardgamebountyhunters@gmail.com; usa847-410-7053david.eichler67@gmail.com; usa848-238-7631hobbytowntr@gmail.com; usa856-352-6048ivalentine77@gmail.com; usa870-520-6481gamershavenar@gmail.com; usa870-565-9941sales@downtownfoundry.com; usa904-683-8365doug@javagamehaus.com; usa907-452-5780orders@akcomicshop.com; usa908-651-5611dragonshoard16@gmail.com; usa916-392-2467gene@comicsandcollectible.com; usa919-465-3353hangar18hobbies@gmail.com; usa937-867-4263roger@darkholdenterprises.com; usa954-427-1694comicsandgames@comcast.net; usa973-664-0912all_in_one_collectibles@yahoo.com; usa973-747-4647davestimewarp@gmail.com; usa973-794-4001highlandergamesnj@gmail.com; usa989-340-1680collectiveeffortgaming@gmail.com; usa989-667-0450scott@thestadiumbc.com
Monte Cook Games,https://www.montecookgames.com/,charles@montecookgames.com
Moodbox Games,https://www.moodboxgames.com/,dpo@asmodee.com; dpo@asmodee.com.you
Moon Saga Workshop,https://www.moonsagaws.com/,
Moose Toys / Moose Games,https://www.moosetoys.com/,tool@www.aboutads.info
Moses Verlag,https://www.moses-verlag.de/,hinweise@moses-verlag.de; hinweise@moses-verlag.deexterne; info@moses-verlag.de; mlbf@ms.sachsen
Mozaic Games (Dice Toy Labs),https://mozaicgames.com/,calculated@checkout.edition; calculated@checkout.pre; calculated@checkout.quantity; support@mozaicgames.com; support@mozaicgames.com.quick
Mr. B Games,http://www.mrbgames.com/,
Nackter Stahl Verlag,https://nackterstahl.de/,374509nackterstahlverlag@gmail.comwww.nackterstahl.desteuernummer; nackterstahlverlag@gmail.com
Nanox Games,https://www.nanox.games/,hello@nanox.gamesinternet
Nasza Księgarnia,http://gry.nk.com.pl/,
Naylor Games,https://naylorgames.com/,contact@naylorgames.com.press
Ngũ Hành Games,https://www.nguhanhgames.com/en,contact@nguhanhgames.com
Nice Game Publishing,https://www.nicegamepublishing.com/,
Ninja Star Games,https://ninjastargames.com/,dan@ninjastargames.com.your
Nord Games,https://nordgamesllc.com/,support@nordgamesllc.com; work@home.the
Noris Spiele,https://www.noris-spiele.de/en/home/,%20sdv@simba-dickie.com; d.joesch@simba-dickie.com; sdv@simba-dickie.com; service@simba-dickie.com; service@simba-dickie.com.by
Nuts! Publishing (Nuts Publishing),https://www.nutspublishing.com/,support@nutspublishing.complease
Nürnberger-Spielkarten-Verlag (NSV),https://www.nsv.de/,info@nsv.de; info@nsv.deinternet
Office Dog Games,https://www.officedoggames.com/,
Oka Luda,http://okaluda.fr/en/home/,
Onyx Path Publishing,https://theonyxpath.com/,
Open Owl Studios,https://www.openowlstudios.com/,hello@openowlstudios.com
Origames,https://www.origames.fr/,
Osprey Games,https://ospreypublishing.com/,
Oya,http://www.oya.fr/,oya@oya.fr
PD-Verlag,http://www.pd-verlag.de/,
PHALANX,http://phalanxgames.co.uk/,adrian@phalanxgames.co.uk; agata.jurczyszyn@vertima.trade; bartek@phalanxgames.co.uk; customercare@phalanxgames.co.uk; customercare@phalanxgames.co.uk.9.what; lukasz@phalanxgames.pl; maciej.jurczyszyn@vertima.trade; mariusz.rosik@vertima.trade; mariusz@phalanxgames.co.uk; marketing@phalanxgames.co.uk; marketing@phalanxgames.co.uk.when; marketing@vertima.trade
POTAM Games,https://potamgames.com/,
Pagony,https://www.pagony.hu/,
Palladium Books,https://palladiumbooks.com/,
Pandasaurus Games,https://www.pandasaurusgames.com/,development@pandasaurusgames.com.for; raina@pandasaurusgames.com.for; support@pandasaurusgames.com; support@pandasaurusgames.com.join; support@pandasaurusgames.com.to
Pandor Games,https://pandor-games.com/,contact@pandor-games.com
Papanatas Games,https://papanatasgames.com/en/,info@papanatasgames.com; webmaster@falomirjuegos.com
Paper Fort Games,https://www.paperfortgames.com/,calculated@checkout.check; calculated@checkout.quantity; gift@launch.join; hello@paperfortgames.com; hello@paperfortgames.com.our; hello@paperfortgames.comc
Paper Plane Games,https://www.paperplanegames.com/,
Paverson Games,https://paversongames.com/,info@paversongames.com.returns; info@paversongames.com.shopshop; info@paversongames.shopshop
Pekuli Games,https://pekuligames.com/,info@pekuligames.com
Pelgrane Press Ltd,https://pelgranepress.com/,all@once.your; contact@allrolledup.co.uk; or@all.we; people@conventions.our; support@pelgranepress.com; support@pelgranepress.com.please; support@pelgranepress.com.review; support@pelgranepress.zendesk.com
Pendragon Game Studio,https://www.pendragongamestudio.com/,info@pendragongamestudio.com; info@pendragongamestudio.com.prototypes; info@pendragongamestudio.com.right; info@pendragongamestudio.com.your; pendragongamestudio@gmail.com; sales@pendragongamestudio.com.applicable; sales@pendragongamestudio.com.companies; sales@pendragongamestudio.com.your; submission@pendragongamestudio.com.sales; submission@pendragongamestudio.com.your
Phase Shift Games,https://www.phaseshiftgames.com/,calculated@checkout.check; jason@phaseshiftgames.com; jason@phaseshiftgames.com.10.what; jason@phaseshiftgames.com.this; support@phaseshiftgames.com; support@phaseshiftgames.com.account; support@phaseshiftgames.com.ul
Piatnik,https://www.piatnik.com/,info@piatnik.com
Pickpocket Games,https://pickpocketgames.com/,hello@pickpocketgames.com.facebook
Pine Box Entertainment,https://pineboxentertainment.com/,have@it.the; pineboxentertainment@gmail.com
Pine Island Games,https://www.pineislandgames.com/,touch.jasper@pineislandgames.com
Pinnacle Entertainment,https://peginc.com/,friends@pinnacle.his
Plaid Hat Games,https://www.plaidhatgames.com/,us@all.security
Planplay,http://www.bgplanplay.com/,
Play All Day Games,https://www.playalldaygames.com/,info@my-domain.com; info@playalldaygames.com; info@playalldaygames.comfirst; methodsinfo@playalldaygames.comfacebook
Play For Keeps,https://www.playforkeeps.games/,
Play Plus Vietnam,https://playplus.vn/,contact@playplus.vn; contact@playplus.vnsdt
"Play With Us Games / Play With Us Design Co., Ltd",https://pwud.ga/,contact@mail.pwud.ga
Play to Z Games,https://www.playtozgames.com/,info@playtozgames.com.sign
PlayMonster (Play Monster),https://www.playmonster.com/,playmonster@playmonster.com; playmonster@playmonster.com.4.representations; wuennemann@1-800-524-game.summary
PlayPunk,https://www.playpunk.com/en,
Playford Games,https://playfordgames.com/,info@playfordgames.communich; usinfo@playfordgames.communich
Portal Dragon,https://portaldragon.com/,llcinfo@portaldragon.com
Portal Games,https://portalgames.pl/,
Primigenio (AKA Ediciones Primigenio),https://edicionesprimigenio.com/,
Privateer Press,https://home.privateerpress.com/,frontdesk@privateerpress.com; frontdesk@privateerpress.com.please; retailsupport@privateerpress.com; sales@blackpennygames.com; sherry@privateerpress.com
Prolific Games (imprint of Left Justified),https://prolificgames.net/,all@once.but; bears@left-justified.com.every; bears@left-justified.com.newsletter; calculated@checkout.default; jeff@left-justified.com
Prometheus Games Labs,https://prometheusgamelabs.wordpress.com/,blog@wordpress.com
Puzzle Post,https://www.puzzlepost.com/,activity@home.had; theteam@puzzlepost.uk; will@puzzlepost.uk
Pythagoras - Pile up Games,http://www.pythagoras.pt/,geral@cniacc.pt; geral@cniacc.ptweb; info@pythagoras.pt
Qango Spielverlag UG,https://www.qango.de/,info@qango.deverantwortlich; info@qango.deverbraucherstreitbeilegung
Queen Games,http://www.queen-games.com/,info@queen-games.com
Quick Simple Fun Games,https://www.quicksimplefun.com/,located@quicksimplefun.com; more@escapewintercon.com
Quined Games,https://www.quined.nl/,info@quined.nl
R&R Games,http://rnrgames.com/,info@rnrgames.com; info@rnrgames.com.newsletter; info@rnrgames.com.please; info@rnrgames.com.questionsif; info@rnrgames.com.we; info@rnrgames.comr; sales@rnrgames.com
REDIMP Games,https://redimp.pl/,
RUNES Editions,https://www.runeseditions.com/,
Randolph,https://www.randolph.ca/,centropolis.evenement@randolph.ca; centropolis@randolph.ca; dix30@randolph.ca; ql.evenement@randolph.ca; quartierlatin@randolph.ca; quebec@randolph.ca; repentigny@randolph.ca; rosemont@randolph.ca; saintjerome@randolph.ca; troisrivieres@randolph.ca
Randomskill Games,https://randomskill.games/,admin@randomskill.gamesdisclosurewe
Ravensburger,https://www.ravensburger.com/,
Rebel Sp. z o.o. (Rebel Studio),https://www.rebelgames.eu/pages,
Red Cat / Redcat (Red Cat Games LLC),https://redcat.am/,games@redcat.am
Red Genie Games,https://redgeniegames.com/,
Redaktion Phantastik,https://www.redaktion-phantastik.de/,sylvia.schlueter@redaktion-phantastik.de
Relatable (FKA What Do You Meme?),https://relatable.com/,customerservice@relatable.com; customerservice@relatable.comorder; customerservice@relatable.comwholesale; customerservice@whatdoyoumeme.com; info@relatable.com; info@relatable.comcustomer; info@whatdoyoumeme.com; orders@relatable.com; orders@relatable.comsales; orders@whatdoyoumeme.com; pr@relatable.com; sales@relatable.com; sales@relatable.commedia; sales@whatdoyoumeme.com; submit@relatable.com; submit@whatdoyoumeme.com
Ridley's Games,https://ridleysgames.com/,available@risdleysgames.com; hello@chroniclebooks.com; located@ridleysgames.com; webmaster@chroniclebooks.com
Rightgames RBG SIA.,http://rightgamesrbg.com/,reseved.rg@morozpublishing.com; rg@morozpublishing.com; rg_manager@inbox.ru
"Rio Grande Games, Inc.",http://www.riograndegames.com/,
Road To Infamy Games,https://r2igames.com/,
Roast and Toast Games,https://roastandtoast.games/,hello@roastandtoast.games; hello@roastandtoast.games.privacy
Roc Nest Games,https://rocnest.uk/,games@rocnest.uk; info@rocnest.uk
Rock Manor Games,https://rockmanorgames.com/,
Rose Noire Edition,https://www.wearerosenoire.com/,letscreate@wearerosenoire.com; letstalk@wearerosenoire.com
Roxley Games Lab,https://roxley.com/,info@roxley.com; media@offdutyninja.com.game; orders@roxley.com.privacy
Rudy Games,https://rudy-games.com/en/,
SAVANA,https://savana-games.com/,commission@www.ftc.gov.eligibility; contact@savana-games.com; contact@savana-games.com.california; contact@savana-games.com.feedback; contact@savana-games.com.please; dispute@savana-games.com
SBG Editions (Spartans Unleashed),https://www.sbgeditions.com/,
SUPER MEEPLE,http://www.supermeeple.com/,com@supermeeple.com; info@supermeeple.com; sav@supermeeple.com
Sand Castle Games,http://www.sandcastle-games.com/,darkness@bay.lux
Schmidt Spiele,https://www.schmidtspiele.de/,info@schmidtspiele.detel
Scribabs,https://scribabs.it/,0542-1905146info@dragonstore.itfacebook; 99400-0301contato@tanelorn.com.brmore; info.ludiandco@gmail.com; info@dragonstore.it; modelstorming@gmail.com; modelstorming@gmail.comfacebook; service@scribabs.it; vallerga@scribabs.itwebsite
Second Gate Games,https://www.secondgategames.com/,info@secondgategames.com
Shades of Venegeance,https://www.shadesofvengeance.com/,publishing@shadesofvengeance.com; webmaster@shadesofvengeance.com
Shakos,https://shakos.fr/,contact@shakos.fr
Side Room Games,http://sideroomgames.com/,
Sidekick Games,https://sidekick.games/,
Simple Rules,http://simplerules.ru/,
Sinister Fish Games,https://sinisterfish.com/,
Sit Down!,http://www.sitdown-games.com/,indicated@checkout.exceptionally; info@sitdown-games.com; separately@checkout.the; user@checkout.incorrect
Skellig Games,http://skellig-games.de/,info@skellig-games.de; info@skellig-games.de.der; info@skelliggames.de
Sky Lion Games,https://www.skyliongames.com/,carolinainfo@skyliongames.com; info@skyliongames.com
Slug Fest Games (Slugfest Games),http://slugfestgames.com/,servicesupport@slugfestgames.com; support@slugfestgames.com
Smart Games (Smart Toys & Games),https://www.smartgames.eu/,privacy@smart.be; privacy@smart.be.hereinafter
Smirk & Dagger Games AKA Smirk & Laughter,https://www.smirkanddagger.com/,gamessmirkanddagger@gmail.comvisitshop; haight@jonhaight.sd; jonhaight.sd@gmail.com; smirkanddagger@gmail.com; smirkanddagger@gmail.com.access; smirkanddagger@gmail.com.to; smirkanddagger@gmail.com.we; smirkanddagger@gmail.comprivacy; smirkanddagger@gmail.comsubmitthanks; smirkanddagger@gmail.comwholesale
Snakspil,https://snakspil.dk/,29711387frederik@snakspil.dk; 30740217stine@snakspil.dkbogholderi; 30741236andreas@snakspil.dk; 30748900fkg@snakspil.dk; apr.2020kontaktbb@become.dk; info@snakspil.dk; ldende.kundeserviceinfo@snakspil.dk; okt.2022kontaktanders@snakspil.dk
Snowbright Games (AKA Snowbright Studio),https://snowbrightstudio.com/,contact@snowbrightstudio.com; media@snowbrightstudio.com
Sordane Publishing,https://www.sordane.com/,
Sorry We Are French / Hachette Livre,https://www.sorryweare.fr/,
Soul Muppet Publishing / SoulMuppet Publishing,https://soulmuppet-store.co.uk/,gpsr.requests@easproject.com; info@soulmuppet.co.uk; meows@soulmuppet.co.uk; work@molomoot.com.erykeryk
Space Cow,https://www.spacecow.fr/,
Space Cowboys,https://www.spacecowboys.fr/,
Sphinx Spieleverlag,https://www.sphinx-spieleverlag.de/,info@sphinxspiele.de
Spiel Das! ('Play That!') AKA SPIEL DAS! Verlag,https://spiel-das.de/en,kontakt@spiel-das.de
Spielcraft Games,https://www.spielcraftgames.com/,alex@spielcraftgames.com; submissions@spielcraftgames.com; submissions@spielcraftgames.com.please
Spielefaible,http://spielefaible.de/,
Spielworxx,https://www.spielworxx.de/,
Spin Master (Spinmaster),https://www.spinmaster.com/,
Steffen Spiele,http://www.steffen-spiele.de/,baselswitzerlandpost@steffen-spiele.de
Steinbock Brettspiele,https://www.steinbock-brettspiele.de/,shop@steinbock-brettspiele.verwerfen
Stonemaier Games,https://stonemaiergames.com/,bluesky@studleygamer.bsky.social.january; contact@stonemaiergames.com; employment@stonemaier.if; privacy@stonemaier.com; privacy@stonemaier.com.please; privacy@stonemaier.com.to; privacy@stonemaier.com.we; privacy@stonemaier.com.your
Storytellers Forge Studios,https://www.storytellersforge.com/,
Stragoo,https://stragoo.cz/en/,emailmoureckova@bonaparte.cz; emailstragoo@stragoo.cz; stragoo@stragoo.cz
Strange Machine Games,https://strangemachinegames.com/,orders@strangemachinegames.com
Stronghold Games,https://strongholdgames.com/,customerservice@indiegamestudios.net
Studio H,https://studio-h-games.com/,
Studio Stratosphères,http://www.studiostratospheres.com/,bonjour@studiostratospheres.com; contact@studiostratospheres.com; support@kinic-formation.fr
Studio Supernova,https://www.studiosupernova.it/,info@studiosupernova.it
SunCoreGames,https://www.suncoregames.ch/,
Sunny Games,https://sunnygames.eu/,info@sunnygames.eu
Superlude,https://www.superlude.fr/,
Sweet November (AKA Sweet Games AKA Multivers)),https://sweetgames.fr/,
Sylex Edition,https://sylex-edition.fr/,
Synapses Games,https://jeuxsynapsesgames.com/,applied@checkout.error
TESA Collective,https://www.tesacollective.com/,
TIKI Editions Inc.,https://www.tikieditions.com/,
TLAMA Games (TLAMICHA),https://www.tlamagames.com/en/,030info@tlamagames.com; info@tlamagames.com
TOMY,http://www.tomy.com/,
Tabula Games SRL,https://tabula.games/,contact@tabula.games; info@tabula.games
Tactic Games,https://games.tactic.net/en/,info@tactic.net; info@tactic.net.if; info@tactic.net.in; info@tactic.net.we; jemi.heljakka@tactic.net
Taiwan Boardgame Design (TBD),https://www.tbd.com.tw/,taiwanbgdesign@gmail.com
Talking Tables,https://www.talkingtables.co.uk/collections/games,happiness@talkingtables.co.uk
Talon Strikes Studios,https://talonstrikes.games/,
Terrible Games,https://www.tokenterrors.com/,terriblegames@gmail.com; tokenterrors@gmail.comsign
The City of Games,https://thecityofkings.com/,frank@tcokgame.com
The Dietz Foundation,https://dietzfoundation.org/,jimdietz@dietzfoundation.org
The Flying Games,http://theflyinggames.com/,david@theflyinggames.com; export@blackrockgames.fr
The OP (AKA USAopoly),https://theop.games/,accessibility@theop.games; located@www.theop.games; remove@usaopoly.com
The Purple Cow,http://www.the-purple-cow.com/,acc@the-purple-cow.com; ran@the-purple-cow.com
Thing 12 Games,https://www.thing12games.com/,results@all.data; thing12games@gmail.com; thing12games@gmail.com.copyright
ThinkFun,https://www.ravensburger.us/en-US/products/games/thinkfun,account@once.we
ThunderGryph Games,https://thundergryph.com/,cris@thundergryph.com; cris@thundergryph.com.in; cris@thundergryph.com.los; cris@thundergryph.com.the; cris@thundergryph.comdomain; cris@thundergryph.comnombre; cris@thundergryph.comtel; cris@thundergryph.comtelephone
Thunderworks Games,https://www.thunderworksgames.com/,claire@thunderworksgames.com; claire@thunderworksgames.com.get; compliance@thunderworksgames.com; compliance@thunderworksgames.com.10.what; compliance@thunderworksgames.com.11.controls; compliance@thunderworksgames.com.as; compliance@thunderworksgames.com.summary; husband@thunderworks.claire; info@thunderworksgames.com; info@thunderworksgames.com.basic; info@thunderworksgames.com.thunderworks; jess@thunderworksgames.com; jess@thunderworksgames.com.localization
TinkerHouse Games / Tinker House Games,https://shop.tinkerhousegames.com/,contact@tinkerhousegames.com; contact@tinkerhousegames.com.our; inc.contact@tinkerhousegames.com
Tranjis Games,https://www.tranjisgames.com/,
Treeceratops (AKA Treecer),https://treecer.com/en,
Trick or Treat Studios,https://trickortreatstudios.com/,privacy@trickortreatstudios.com.changes; privacy@trickortreatstudios.com.this
Triple Ace Games Ltd,http://www.tripleacegames.com/,custserv@tripleacegames.com; custserv@tripleacegames.com.our
Tucker's Fun Factory,https://www.tuckersfunfactory.nl/,info@tuckersfunfactory.nl
Tuesday Knight Games,https://www.tuesdayknightgames.com/,calculated@checkout.check; support@tuesdayknightgames.com
"Twilight Creations, Inc.",https://twilightcreationsinc.com/,twilightcreationsinc@yahoo.com; usatwilightcreationsinc@yahoo.com
UGG (Udo Grebe Gamedesign),https://ugg.de/,gmtoffice@gmtgames.com
Uhrwerk Verlag,https://www.uhrwerk-verlag.de/,info@uhrwerk-verlag.deumsatzsteuer
Ulisses North America / Ulisses Spiele,http://www.ulisses-us.com/,erat@massa.zur; feedback@ulisses-spiele.de
University Games,https://www.universitygames.com/,consumer@ugames.com; consumer@ugames.com.if; consumer@ugames.cominformationfaqs; friends@areyougame.com
Upper Deck Games (The Upper Deck Company),http://www.upperdeck.com/Products/Entertainment/,
V Games,https://v-games.eu/,
al-Khwarizmi Games,https://alkhwarizmi.games/,meeple@alkhwarizmi.games
alea,https://www.ravensburger.com/,
dV Giochi / DV Games,https://www.dvgiochi.com/,ecommerce@dvgiochi.com
darbel,http://www.juegosdarbel.com/,
dlp games,http://www.dlp-games.de/,info@dlp-games.de; service@dlp-games.de; steps@all.we
funbot games (part of B-REX Entertainment),http://funbot-games.com/,order@b-rex-entertainment.com; service@happyshops.com
